Q,A
소프트웨어공지알려줄래,소프트공지
소프트웨어학부공지알려주세요,소프트공지
소프트공지알려주세요,소프트공지
소프트웨어학부 공지 알려주세요,소프트공지
소프트공지알려줄래,소프트공지
소프트공지뭐야,소프트공지
소프트공지보여줘,소프트공지
소프트웨어공지 보여줘,소프트공지
소프트웨어공지 뭐야,소프트공지
소프트웨어공지 뭐야?,소프트공지
소프트웨어학부 공지 뭐야?,소프트공지
오늘 소프트웨어학부 공지 보여줘,소프트공지
오늘 소프트공지 뭐야?,소프트공지
오늘 솦공지 뭐야?,소프트공지
솦공지알려줘,소프트공지
솦공지보여줘,소프트공지
솦공지뭐야,소프트공지
소프트웨어학부 공지 보여줘,소프트공지
소프트웨어학부 공지 뭐야,소프트공지
솦트공지알려줘,소프트공지
소프트웨어공지알려줘,소프트공지
소프트웨어학부공지알려줘,소프트공지
소프트웨어공지,소프트공지
소프트웨어전공공지알려줘,소프트공지
아이씨티공지알려줘,소프트공지
아씨티공지보여줘,소프트공지
아씨티공지 알려줘,소프트공지
아씨티공지 뭐야,소프트공지
아씨티공지뭐야?,소프트공지
ict공지알려줘,소프트공지
야소프트공지알려줘,소프트공지
하냥아소프트공지알려줘,소프트공지
소프트공지알려줘,소프트공지
솦공지,소프트공지
소프트공지,소프트공지
소프트웨어학부공지,소프트공지
아시티공지,소프트공지
아씨티공지,소프트공지
소프트웨어 공지 알려줄래,소프트공지
소프트 공지 알려줘,소프트공지
소프트웨어학부 공지 알려줘,소프트공지
야 소프트공지 알려줘,소프트공지
하냥아 소프트공지 알려줘,소프트공지
하냥아 소프트웨어학부공지 알려줘,소프트공지
하냥아 솦공지 알려줘, 소프트공지
햐냥아 소프트웨어공지 알려줘,소프트공지
경상대공지알려줄래,경상대공지
경상공지알려줘,경상대공지
경상공지,경상대공지
경상대 공지 보여줘,경상대공지
경상대 공지 뭐야?,경상대공지
경상대공지 보여줘,경상대공지
경영학부공지알려줘,경상대공지
경제학부공지알려줘,경상대공지
보험계리학과공지알려줘,경상대공지
회계세무학과공지알려줘,경상대공지
야 경상대 공지 알려줘,경상대공지
하냥아 경상대 공지 알려줘,경상대공지
하냥이 경상대 공지 알려줘,경상대공지
경상대학 공지,경상대공지
경상대학 공지알려줘,경상대공지
하냥아 경상대학 공지알려줘,경상대공지
경영학부 공지 알려줘,경상대공지
경영공지알려줘,경상대공지
보계공지알려줘,경상대공지
회계공지알려줘,경상대공지
국제문화대학 공지 알려줘,국문대공지
경상 공지,경상대공지
국문대공지 알려줘,국문대공지
국문공지 열려줘,국문대공지
문화인류공지알려줘,국문대공지
문화인류공지말해,국문대공지
문화인류공지,국문대공지
국문대 공지 알려,국문대공지
국문 공지 알려줘,국문대공지
국문대공지알려주세요,국문대공지
국제문화대학공지,국문대공지
야 국문대공지 알려줘,국문대공지
국문대 공지 뭐야?,국문대공지
국문대 공지 보여줘,국문대공지
국문데 공지 보여줘,국문대공지
국제문화대 공지 알려줘,국문대공지
국제문화대 공지 보여줘,국문대공지
디자인대 공지 알려줘,디대공지
디자인대 공지 보여줘,디대공지
디자인대 공지 뭐야?,디대공지
디대 공지 보여줘,디대공지
디대 공지 뭐야?,디대공지
디대 공지 알려줘,디대공지
건설공 공지, 공과대공지
건설공 공지내놔, 공과대공지
하냥아 건설공 공지 알려줘, 공과대공지
하냥아 건설공 공지 알려줄래, 공과대공지
건설공 공지가 알고싶어, 공과대공지
건설공 공지알려줘, 공과대공지
건설공 공지보여줘, 공과대공지
건설공 공지좀 알려주세요, 공과대공지
건설공 공지가 뭐야, 공과대공지
건설공 공지가 어떻게 돼, 공과대공지
건설공 공지는 어떻게 되니, 공과대공지
건설공 공지가 뭘까, 공과대공지
하냥아 건설공 공지뭐야, 공과대공지
건설환경공학과 공지, 공과대공지
하냥아 건설환경공학과 공지 알려줘, 공과대공지
하냥아 건설환경공학과 공지 보여줘, 공과대공지
건설환경공학과 공지알려줘, 공과대공지
건설환경공학과 공지좀 알려주세요, 공과대공지
건설환경공학과 공지가 뭐야, 공과대공지
건설환경공학과 공지가 알고싶어, 공과대공지
건설환경공학과 공지가 어떻게 돼, 공과대공지
건설환경공학과 공지가 뭘까, 공과대공지
하냥아 건설환경공학과 공지뭐야, 공과대공지
건설환경공학부 공지, 공과대공지
하냥아 건설환경공학부 공지 알려줘, 공과대공지
건설환경공학부 공지알려줘, 공과대공지
건설환경공학부 공지좀 알려주세요, 공과대공지
건설환경공학부 공지가 뭐야, 공과대공지
건설환경공학부 공지가 알고싶어, 공과대공지
건설환경공학부 공지가 어떻게 돼, 공과대공지
건설환경공학부 공지가 뭘까, 공과대공지
하냥아 건설환경공학부 공지뭐야, 공과대공지
건축학과 공지, 공과대공지
하냥아 건축학과 공지 알려줘, 공과대공지
하냥아 건축학과 공지 알려줄래, 공과대공지
건축학과 공지가 알고싶어, 공과대공지
건축학과 공지알려줘, 공과대공지
건축학과 공지보여줘, 공과대공지
건축학과 공지좀 알려주세요, 공과대공지
건축학과 공지가 뭐야, 공과대공지
건축학과공지뭐야, 공과대공지
건축학과 공지 뭐야, 공과대공지
건축학과 공지가 어떻게 돼, 공과대공지
건축학과 공지는 어떻게 되니, 공과대공지
건축학과 공지가 뭘까, 공과대공지
하냥아 건축학과 공지뭐야, 공과대공지
건축학부 공지, 공과대공지
하냥아 건축학부 공지 알려줘, 공과대공지
하냥아 건축학부 공지 알려줄래, 공과대공지
건축학부 공지가 알고싶어, 공과대공지
건축학부 공지알려줘, 공과대공지
건축학부 공지보여줘, 공과대공지
건축학부 공지좀 알려주세요, 공과대공지
건축학부 공지가 뭐야, 공과대공지
건축학부공지뭐야, 공과대공지
건축학부 공지 뭐야, 공과대공지
건축학부 공지가 어떻게 돼, 공과대공지
건축학부 공지는 어떻게 되니, 공과대공지
건축학부 공지가 뭘까, 공과대공지
하냥아 건축학부 공지뭐야, 공과대공지
건축공학전공 공지, 공과대공지
하냥아 건축공학전공 공지 알려줘, 공과대공지
하냥아 건축공학전공 공지 알려줄래, 공과대공지
건축공학전공 공지가 알고싶어, 공과대공지
건축공학전공 공지알려줘, 공과대공지
건축공학전공 공지보여줘, 공과대공지
건축공학전공 공지좀 알려주세요, 공과대공지
건축공학전공 공지가 뭐야, 공과대공지
건축공학전공공지뭐야, 공과대공지
건축공학전공 공지 뭐야, 공과대공지
건축공학전공 공지가 어떻게 돼, 공과대공지
건축공학전공 공지는 어떻게 되니, 공과대공지
건축공학전공 공지가 뭘까, 공과대공지
하냥아 건축공학전공 공지뭐야, 공과대공지
건축학전공 공지, 공과대공지
하냥아 건축학전공 공지 알려줘, 공과대공지
하냥아 건축학전공 공지 알려줄래, 공과대공지
건축학전공 공지가 알고싶어, 공과대공지
건축학전공 공지알려줘, 공과대공지
건축학전공 공지보여줘, 공과대공지
건축학전공 공지좀 알려주세요, 공과대공지
건축학전공 공지가 뭐야, 공과대공지
건축학전공공지뭐야, 공과대공지
건축학전공 공지 뭐야, 공과대공지
건축학전공 공지가 어떻게 돼, 공과대공지
건축학전공 공지는 어떻게 되니, 공과대공지
건축학전공 공지가 뭘까, 공과대공지
하냥아 건축학전공 공지뭐야, 공과대공지
건축학부 건축공학전공, 공과대공지
건축학부 건축공학전공 공지, 공과대공지
하냥아 건축학부 건축공학전공 공지 알려줘, 공과대공지
하냥아 건축학부 건축공학전공 공지 알려줄래, 공과대공지
건축학부 건축공학전공 공지가 알고싶어, 공과대공지
건축학부 건축공학전공 공지알려줘, 공과대공지
건축학부 건축공학전공 공지보여줘, 공과대공지
건축학부 건축공학전공 공지좀 알려주세요, 공과대공지
건축학부 건축공학전공 공지가 뭐야, 공과대공지
건축학부 건축공학전공공지뭐야, 공과대공지
건축학부 건축공학전공 공지 뭐야, 공과대공지
건축학부 건축공학전공 공지가 어떻게 돼, 공과대공지
건축학부 건축공학전공 공지는 어떻게 되니, 공과대공지
건축학부 건축공학전공 공지가 뭘까, 공과대공지
하냥아 건축학부 건축공학전공 공지뭐야, 공과대공지
건축학부 건축학전공, 공과대공지
건축학부 건축학전공 공지, 공과대공지
하냥아 건축학부 건축학전공 공지 알려줘, 공과대공지
하냥아 건축학부 건축학전공 공지 알려줄래, 공과대공지
건축학부 건축학전공 공지가 알고싶어, 공과대공지
건축학부 건축학전공 공지알려줘, 공과대공지
건축학부 건축학전공 공지보여줘, 공과대공지
건축학부 건축학전공 공지좀 알려주세요, 공과대공지
건축학부 건축학전공 공지가 뭐야, 공과대공지
건축학부 건축학전공공지뭐야, 공과대공지
건축학부 건축학전공 공지 뭐야, 공과대공지
건축학부 건축학전공 공지가 어떻게 돼, 공과대공지
건축학부 건축학전공 공지는 어떻게 되니, 공과대공지
건축학부 건축학전공 공지가 뭘까, 공과대공지
하냥아 건축학부 건축학전공 공지뭐야, 공과대공지
건축학과 건축공학전공, 공과대공지
건축학과 건축공학전공 공지, 공과대공지
하냥아 건축학과 건축공학전공 공지 알려줘, 공과대공지
하냥아 건축학과 건축공학전공 공지 알려줄래, 공과대공지
건축학과 건축공학전공 공지가 알고싶어, 공과대공지
건축학과 건축공학전공 공지알려줘, 공과대공지
건축학과 건축공학전공 공지보여줘, 공과대공지
건축학과 건축공학전공 공지좀 알려주세요, 공과대공지
건축학과 건축공학전공 공지가 뭐야, 공과대공지
건축학과 건축공학전공공지뭐야, 공과대공지
건축학과 건축공학전공 공지 뭐야, 공과대공지
건축학과 건축공학전공 공지가 어떻게 돼, 공과대공지
건축학과 건축공학전공 공지는 어떻게 되니, 공과대공지
건축학과 건축공학전공 공지가 뭘까, 공과대공지
하냥아 건축학과 건축공학전공 공지뭐야, 공과대공지
교통물류공학과 공지, 공과대공지
하냥아 교통물류공학과 공지 알려줘, 공과대공지
하냥아 교통물류공학과 공지 알려줄래, 공과대공지
교통물류공학과 공지가 알고싶어, 공과대공지
교통물류공학과 공지알려줘, 공과대공지
교통물류공학과 공지보여줘, 공과대공지
교통물류공학과 공지좀 알려주세요, 공과대공지
교통물류공학과 공지가 뭐야, 공과대공지
교통물류공학과공지뭐야, 공과대공지
교통물류공학과 공지 뭐야, 공과대공지
교통물류공학과 공지가 어떻게 돼, 공과대공지
교통물류공학과 공지는 어떻게 되니, 공과대공지
교통물류공학과 공지가 뭘까, 공과대공지
하냥아 교통물류공학과 공지뭐야, 공과대공지
교통물류공학 공지, 공과대공지
하냥아 교통물류공학 공지 알려줘, 공과대공지
하냥아 교통물류공학 공지 알려줄래, 공과대공지
교통물류공학 공지가 알고싶어, 공과대공지
교통물류공학 공지알려줘, 공과대공지
교통물류공학 공지보여줘, 공과대공지
교통물류공학 공지좀 알려주세요, 공과대공지
교통물류공학 공지가 뭐야, 공과대공지
교통물류공학공지뭐야, 공과대공지
교통물류공학 공지 뭐야, 공과대공지
교통물류공학 공지가 어떻게 돼, 공과대공지
교통물류공학 공지는 어떻게 되니, 공과대공지
교통물류공학 공지가 뭘까, 공과대공지
하냥아 교통물류공학 공지뭐야, 공과대공지
교통과 공지, 공과대공지
하냥아 교통과 공지 알려줘, 공과대공지
하냥아 교통과 공지 알려줄래, 공과대공지
교통과 공지가 알고싶어, 공과대공지
교통과 공지알려줘, 공과대공지
교통과 공지보여줘, 공과대공지
교통과 공지좀 알려주세요, 공과대공지
교통과 공지가 뭐야, 공과대공지
교통과공지뭐야, 공과대공지
교통과 공지 뭐야, 공과대공지
교통과 공지가 어떻게 돼, 공과대공지
교통과 공지는 어떻게 되니, 공과대공지
교통과 공지가 뭘까, 공과대공지
하냥아 교통과 공지뭐야, 공과대공지
하냥아 교통 공지 알려줘, 공과대공지
하냥아 교통 공지 알려줄래, 공과대공지
교통 공지가 알고싶어, 공과대공지
교통 공지알려줘, 공과대공지
교통 공지보여줘, 공과대공지
교통 공지좀 알려주세요, 공과대공지
교통 공지가 뭐야, 공과대공지
교통공지뭐야, 공과대공지
교통 공지 뭐야, 공과대공지
교통 공지가 어떻게 돼, 공과대공지
교통 공지는 어떻게 되니, 공과대공지
교통 공지가 뭘까, 공과대공지
하냥아 교통 공지뭐야, 공과대공지
교물공, 공과대공지
교물공 공지, 공과대공지
하냥아 교물공 공지 알려줘, 공과대공지
하냥아 교물공 공지 알려줄래, 공과대공지
교물공 공지가 알고싶어, 공과대공지
교물공 공지알려줘, 공과대공지
교물공 공지보여줘, 공과대공지
교물공 공지좀 알려주세요, 공과대공지
교물공 공지가 뭐야, 공과대공지
교물공공지뭐야, 공과대공지
교물공 공지 뭐야, 공과대공지
교물공 공지가 어떻게 돼, 공과대공지
교물공 공지는 어떻게 되니, 공과대공지
교물공 공지가 뭘까, 공과대공지
하냥아 교물공 공지뭐야, 공과대공지
교통물류공학부, 공과대공지
교통물류공학부 공지, 공과대공지
하냥아 교통물류공학부 공지 알려줘, 공과대공지
하냥아 교통물류공학부 공지 알려줄래, 공과대공지
교통물류공학부 공지가 알고싶어, 공과대공지
교통물류공학부 공지알려줘, 공과대공지
교통물류공학부 공지보여줘, 공과대공지
교통물류공학부 공지좀 알려주세요, 공과대공지
교통물류공학부 공지가 뭐야, 공과대공지
교통물류공학부공지뭐야, 공과대공지
교통물류공학부 공지 뭐야, 공과대공지
교통물류공학부 공지가 어떻게 돼, 공과대공지
교통물류공학부 공지는 어떻게 되니, 공과대공지
교통물류공학부 공지가 뭘까, 공과대공지
하냥아 교통물류공학부 공지뭐야, 공과대공지
기계공학과 공지, 공과대공지
하냥아 기계공학과 공지 알려줘, 공과대공지
하냥아 기계공학과 공지 알려줄래, 공과대공지
기계공학과 공지가 알고싶어, 공과대공지
기계공학과 공지알려줘, 공과대공지
기계공학과 공지보여줘, 공과대공지
기계공학과 공지좀 알려주세요, 공과대공지
기계공학과 공지가 뭐야, 공과대공지
기계공학과공지뭐야, 공과대공지
기계공학과 공지 뭐야, 공과대공지
기계공학과 공지가 어떻게 돼, 공과대공지
기계공학과 공지는 어떻게 되니, 공과대공지
기계공학과 공지가 뭘까, 공과대공지
하냥아 기계공학과 공지뭐야, 공과대공지
기계공학부 공지, 공과대공지
하냥아 기계공학부 공지 알려줘, 공과대공지
하냥아 기계공학부 공지 알려줄래, 공과대공지
기계공학부 공지가 알고싶어, 공과대공지
기계공학부 공지알려줘, 공과대공지
기계공학부 공지보여줘, 공과대공지
기계공학부 공지좀 알려주세요, 공과대공지
기계공학부 공지가 뭐야, 공과대공지
기계공학부공지뭐야, 공과대공지
기계공학부 공지 뭐야, 공과대공지
기계공학부 공지가 어떻게 돼, 공과대공지
기계공학부 공지는 어떻게 되니, 공과대공지
기계공학부 공지가 뭘까, 공과대공지
하냥아 기계공학부 공지뭐야, 공과대공지
기계공학 공지, 공과대공지
하냥아 기계공학 공지 알려줘, 공과대공지
하냥아 기계공학 공지 알려줄래, 공과대공지
기계공학 공지가 알고싶어, 공과대공지
기계공학 공지알려줘, 공과대공지
기계공학 공지보여줘, 공과대공지
기계공학 공지좀 알려주세요, 공과대공지
기계공학 공지가 뭐야, 공과대공지
기계공학공지뭐야, 공과대공지
기계공학 공지 뭐야, 공과대공지
기계공학 공지가 어떻게 돼, 공과대공지
기계공학 공지는 어떻게 되니, 공과대공지
기계공학 공지가 뭘까, 공과대공지
하냥아 기계공학 공지뭐야, 공과대공지
기공 공지, 공과대공지
하냥아 기공 공지 알려줘, 공과대공지
하냥아 기공 공지 알려줄래, 공과대공지
기공 공지가 알고싶어, 공과대공지
기공 공지알려줘, 공과대공지
기공 공지보여줘, 공과대공지
기공 공지좀 알려주세요, 공과대공지
기공 공지가 뭐야, 공과대공지
기공공지뭐야, 공과대공지
기공 공지 뭐야, 공과대공지
기공 공지가 어떻게 돼, 공과대공지
기공 공지는 어떻게 되니, 공과대공지
기공 공지가 뭘까, 공과대공지
하냥아 기공 공지뭐야, 공과대공지
로봇공학과 공지, 공과대공지
하냥아 로봇공학과 공지 알려줘, 공과대공지
하냥아 로봇공학과 공지 알려줄래, 공과대공지
로봇공학과 공지가 알고싶어, 공과대공지
로봇공학과 공지알려줘, 공과대공지
로봇공학과 공지보여줘, 공과대공지
로봇공학과 공지좀 알려주세요, 공과대공지
로봇공학과 공지가 뭐야, 공과대공지
로봇공학과공지뭐야, 공과대공지
로봇공학과 공지 뭐야, 공과대공지
로봇공학과 공지가 어떻게 돼, 공과대공지
로봇공학과 공지는 어떻게 되니, 공과대공지
로봇공학과 공지가 뭘까, 공과대공지
하냥아 로봇공학과 공지뭐야, 공과대공지
로봇공학 공지, 공과대공지
하냥아 로봇공학 공지 알려줘, 공과대공지
하냥아 로봇공학 공지 알려줄래, 공과대공지
로봇공학 공지가 알고싶어, 공과대공지
로봇공학 공지알려줘, 공과대공지
로봇공학 공지보여줘, 공과대공지
로봇공학 공지좀 알려주세요, 공과대공지
로봇공학 공지가 뭐야, 공과대공지
로봇공학공지뭐야, 공과대공지
로봇공학 공지 뭐야, 공과대공지
로봇공학 공지가 어떻게 돼, 공과대공지
로봇공학 공지는 어떻게 되니, 공과대공지
로봇공학 공지가 뭘까, 공과대공지
하냥아 로봇공학 공지뭐야, 공과대공지
로봇공학부 공지, 공과대공지
하냥아 로봇공학부 공지 알려줘, 공과대공지
하냥아 로봇공학부 공지 알려줄래, 공과대공지
로봇공학부 공지가 알고싶어, 공과대공지
로봇공학부 공지알려줘, 공과대공지
로봇공학부 공지보여줘, 공과대공지
로봇공학부 공지좀 알려주세요, 공과대공지
로봇공학부 공지가 뭐야, 공과대공지
로봇공학부공지뭐야, 공과대공지
로봇공학부 공지 뭐야, 공과대공지
로봇공학부 공지가 어떻게 돼, 공과대공지
로봇공학부 공지는 어떻게 되니, 공과대공지
로봇공학부 공지가 뭘까, 공과대공지
하냥아 로봇공학부 공지뭐야, 공과대공지
로봇공 공지, 공과대공지
하냥아 로봇공 공지 알려줘, 공과대공지
하냥아 로봇공 공지 알려줄래, 공과대공지
로봇공 공지가 알고싶어, 공과대공지
로봇공 공지알려줘, 공과대공지
로봇공 공지보여줘, 공과대공지
로봇공 공지좀 알려주세요, 공과대공지
로봇공 공지가 뭐야, 공과대공지
로봇공공지뭐야, 공과대공지
로봇공 공지 뭐야, 공과대공지
로봇공 공지가 어떻게 돼, 공과대공지
로봇공 공지는 어떻게 되니, 공과대공지
로봇공 공지가 뭘까, 공과대공지
하냥아 로봇공 공지뭐야, 공과대공지
로공 공지, 공과대공지
하냥아 로공 공지 알려줘, 공과대공지
하냥아 로공 공지 알려줄래, 공과대공지
로공 공지가 알고싶어, 공과대공지
로공 공지알려줘, 공과대공지
로공 공지보여줘, 공과대공지
로공 공지좀 알려주세요, 공과대공지
로공 공지가 뭐야, 공과대공지
로공공지뭐야, 공과대공지
로공 공지 뭐야, 공과대공지
로공 공지가 어떻게 돼, 공과대공지
로공 공지는 어떻게 되니, 공과대공지
로공 공지가 뭘까, 공과대공지
하냥아 로공 공지뭐야, 공과대공지
산업경영공학과 공지, 공과대공지
하냥아 산업경영공학과 공지 알려줘, 공과대공지
하냥아 산업경영공학과 공지 알려줄래, 공과대공지
산업경영공학과 공지가 알고싶어, 공과대공지
산업경영공학과 공지알려줘, 공과대공지
산업경영공학과 공지보여줘, 공과대공지
산업경영공학과 공지좀 알려주세요, 공과대공지
산업경영공학과 공지가 뭐야, 공과대공지
산업경영공학과공지뭐야, 공과대공지
산업경영공학과 공지 뭐야, 공과대공지
산업경영공학과 공지가 어떻게 돼, 공과대공지
산업경영공학과 공지는 어떻게 되니, 공과대공지
산업경영공학과 공지가 뭘까, 공과대공지
하냥아 산업경영공학과 공지뭐야, 공과대공지
하냥아 산업경영공학부 공지 알려줘, 공과대공지
하냥아 산업경영공학부 공지 알려줄래, 공과대공지
산업경영공학부 공지가 알고싶어, 공과대공지
산업경영공학부 공지알려줘, 공과대공지
산업경영공학부 공지보여줘, 공과대공지
산업경영공학부 공지좀 알려주세요, 공과대공지
산업경영공학부 공지가 뭐야, 공과대공지
산업경영공학부공지뭐야, 공과대공지
산업경영공학부 공지 뭐야, 공과대공지
산업경영공학부 공지가 어떻게 돼, 공과대공지
산업경영공학부 공지는 어떻게 되니, 공과대공지
산업경영공학부 공지가 뭘까, 공과대공지
하냥아 산업경영공학부 공지뭐야, 공과대공지
산업공 공지, 공과대공지
하냥아 산업공 공지 알려줘, 공과대공지
하냥아 산업공 공지 알려줄래, 공과대공지
산업공 공지가 알고싶어, 공과대공지
산업공 공지알려줘, 공과대공지
산업공 공지보여줘, 공과대공지
산업공 공지좀 알려주세요, 공과대공지
산업공 공지가 뭐야, 공과대공지
산업공공지뭐야, 공과대공지
산업공 공지 뭐야, 공과대공지
산업공 공지가 어떻게 돼, 공과대공지
산업공 공지는 어떻게 되니, 공과대공지
산업공 공지가 뭘까, 공과대공지
하냥아 산업공 공지뭐야, 공과대공지
산업경영공학, 공과대공지
산업경영공학 공지, 공과대공지
하냥아 산업경영공학 공지 알려줘, 공과대공지
하냥아 산업경영공학 공지 알려줄래, 공과대공지
산업경영공학 공지가 알고싶어, 공과대공지
산업경영공학 공지알려줘, 공과대공지
산업경영공학 공지보여줘, 공과대공지
산업경영공학 공지좀 알려주세요, 공과대공지
산업경영공학 공지가 뭐야, 공과대공지
산업경영공학공지뭐야, 공과대공지
산업경영공학 공지 뭐야, 공과대공지
산업경영공학 공지가 어떻게 돼, 공과대공지
산업경영공학 공지는 어떻게 되니, 공과대공지
산업경영공학 공지가 뭘까, 공과대공지
하냥아 산업경영공학 공지뭐야, 공과대공지
산공 공지, 공과대공지
하냥아 산공 공지 알려줘, 공과대공지
하냥아 산공 공지 알려줄래, 공과대공지
산공 공지가 알고싶어, 공과대공지
산공 공지알려줘, 공과대공지
산공 공지보여줘, 공과대공지
산공 공지좀 알려주세요, 공과대공지
산공 공지가 뭐야, 공과대공지
산공공지뭐야, 공과대공지
산공 공지 뭐야, 공과대공지
산공 공지가 어떻게 돼, 공과대공지
산공 공지는 어떻게 되니, 공과대공지
산공 공지가 뭘까, 공과대공지
하냥아 산공 공지뭐야, 공과대공지
산경공 공지, 공과대공지
하냥아 산경공 공지 알려줘, 공과대공지
하냥아 산경공 공지 알려줄래, 공과대공지
산경공 공지가 알고싶어, 공과대공지
산경공 공지알려줘, 공과대공지
산경공 공지보여줘, 공과대공지
산경공 공지좀 알려주세요, 공과대공지
산경공 공지가 뭐야, 공과대공지
산경공공지뭐야, 공과대공지
산경공 공지 뭐야, 공과대공지
산경공 공지가 어떻게 돼, 공과대공지
산경공 공지는 어떻게 되니, 공과대공지
산경공 공지가 뭘까, 공과대공지
하냥아 산경공 공지뭐야, 공과대공지
산업 공지, 공과대공지
하냥아 산업 공지 알려줘, 공과대공지
하냥아 산업 공지 알려줄래, 공과대공지
산업 공지가 알고싶어, 공과대공지
산업 공지알려줘, 공과대공지
산업 공지보여줘, 공과대공지
산업 공지좀 알려주세요, 공과대공지
산업 공지가 뭐야, 공과대공지
산업공지뭐야, 공과대공지
산업 공지 뭐야, 공과대공지
산업 공지가 어떻게 돼, 공과대공지
산업 공지는 어떻게 되니, 공과대공지
산업 공지가 뭘까, 공과대공지
하냥아 산업 공지뭐야, 공과대공지
생명나노공학과, 공과대공지
생명나노공학과 공지, 공과대공지
하냥아 생명나노공학과 공지 알려줘, 공과대공지
하냥아 생명나노공학과 공지 알려줄래, 공과대공지
생명나노공학과 공지가 알고싶어, 공과대공지
생명나노공학과 공지알려줘, 공과대공지
생명나노공학과 공지보여줘, 공과대공지
생명나노공학과 공지좀 알려주세요, 공과대공지
생명나노공학과 공지가 뭐야, 공과대공지
생명나노공학과공지뭐야, 공과대공지
생명나노공학과 공지 뭐야, 공과대공지
생명나노공학과 공지가 어떻게 돼, 공과대공지
생명나노공학과 공지는 어떻게 되니, 공과대공지
생명나노공학과 공지가 뭘까, 공과대공지
하냥아 생명나노공학과 공지뭐야, 공과대공지
생명나노공학 공지, 공과대공지
하냥아 생명나노공학 공지 알려줘, 공과대공지
하냥아 생명나노공학 공지 알려줄래, 공과대공지
생명나노공학 공지가 알고싶어, 공과대공지
생명나노공학 공지알려줘, 공과대공지
생명나노공학 공지보여줘, 공과대공지
생명나노공학 공지좀 알려주세요, 공과대공지
생명나노공학 공지가 뭐야, 공과대공지
생명나노공학공지뭐야, 공과대공지
생명나노공학 공지 뭐야, 공과대공지
생명나노공학 공지가 어떻게 돼, 공과대공지
생명나노공학 공지는 어떻게 되니, 공과대공지
생명나노공학 공지가 뭘까, 공과대공지
하냥아 생명나노공학 공지뭐야, 공과대공지
생명나노공학부 공지, 공과대공지
하냥아 생명나노공학부 공지 알려줘, 공과대공지
하냥아 생명나노공학부 공지 알려줄래, 공과대공지
생명나노공학부 공지가 알고싶어, 공과대공지
생명나노공학부 공지알려줘, 공과대공지
생명나노공학부 공지보여줘, 공과대공지
생명나노공학부 공지좀 알려주세요, 공과대공지
생명나노공학부 공지가 뭐야, 공과대공지
생명나노공학부공지뭐야, 공과대공지
생명나노공학부 공지 뭐야, 공과대공지
생명나노공학부 공지가 어떻게 돼, 공과대공지
생명나노공학부 공지는 어떻게 되니, 공과대공지
생명나노공학부 공지가 뭘까, 공과대공지
하냥아 생명나노공학부 공지뭐야, 공과대공지
생명나노학과 공지, 공과대공지
하냥아 생명나노학과 공지 알려줘, 공과대공지
하냥아 생명나노학과 공지 알려줄래, 공과대공지
생명나노학과 공지가 알고싶어, 공과대공지
생명나노학과 공지알려줘, 공과대공지
생명나노학과 공지보여줘, 공과대공지
생명나노학과 공지좀 알려주세요, 공과대공지
생명나노학과 공지가 뭐야, 공과대공지
생명나노학과공지뭐야, 공과대공지
생명나노학과 공지 뭐야, 공과대공지
생명나노학과 공지가 어떻게 돼, 공과대공지
생명나노학과 공지는 어떻게 되니, 공과대공지
생명나노학과 공지가 뭘까, 공과대공지
하냥아 생명나노학과 공지뭐야, 공과대공지
생명나노학 공지, 공과대공지
하냥아 생명나노학 공지 알려줘, 공과대공지
하냥아 생명나노학 공지 알려줄래, 공과대공지
생명나노학 공지가 알고싶어, 공과대공지
생명나노학 공지알려줘, 공과대공지
생명나노학 공지보여줘, 공과대공지
생명나노학 공지좀 알려주세요, 공과대공지
생명나노학 공지가 뭐야, 공과대공지
생명나노학공지뭐야, 공과대공지
생명나노학 공지 뭐야, 공과대공지
생명나노학 공지가 어떻게 돼, 공과대공지
생명나노학 공지는 어떻게 되니, 공과대공지
생명나노학 공지가 뭘까, 공과대공지
하냥아 생명나노학 공지뭐야, 공과대공지
생나노공 공지, 공과대공지
하냥아 생나노공 공지 알려줘, 공과대공지
하냥아 생나노공 공지 알려줄래, 공과대공지
생나노공 공지가 알고싶어, 공과대공지
생나노공 공지알려줘, 공과대공지
생나노공 공지보여줘, 공과대공지
생나노공 공지좀 알려주세요, 공과대공지
생나노공 공지가 뭐야, 공과대공지
생나노공공지뭐야, 공과대공지
생나노공 공지 뭐야, 공과대공지
생나노공 공지가 어떻게 돼, 공과대공지
생나노공 공지는 어떻게 되니, 공과대공지
생나노공 공지가 뭘까, 공과대공지
하냥아 생나노공 공지뭐야, 공과대공지
생나노 공지, 공과대공지
하냥아 생나노 공지 알려줘, 공과대공지
하냥아 생나노 공지 알려줄래, 공과대공지
생나노 공지가 알고싶어, 공과대공지
생나노 공지알려줘, 공과대공지
생나노 공지보여줘, 공과대공지
생나노 공지좀 알려주세요, 공과대공지
생나노 공지가 뭐야, 공과대공지
생나노공지뭐야, 공과대공지
생나노 공지 뭐야, 공과대공지
생나노 공지가 어떻게 돼, 공과대공지
생나노 공지는 어떻게 되니, 공과대공지
생나노 공지가 뭘까, 공과대공지
하냥아 생나노 공지뭐야, 공과대공지
생나노과 공지, 공과대공지
하냥아 생나노과 공지 알려줘, 공과대공지
하냥아 생나노과 공지 알려줄래, 공과대공지
생나노과 공지가 알고싶어, 공과대공지
생나노과 공지알려줘, 공과대공지
생나노과 공지보여줘, 공과대공지
생나노과 공지좀 알려주세요, 공과대공지
생나노과 공지가 뭐야, 공과대공지
생나노과공지뭐야, 공과대공지
생나노과 공지 뭐야, 공과대공지
생나노과 공지가 어떻게 돼, 공과대공지
생나노과 공지는 어떻게 되니, 공과대공지
생나노과 공지가 뭘까, 공과대공지
하냥아 생나노과 공지뭐야, 공과대공지
생공 공지, 공과대공지
하냥아 생공 공지 알려줘, 공과대공지
하냥아 생공 공지 알려줄래, 공과대공지
생공 공지가 알고싶어, 공과대공지
생공 공지알려줘, 공과대공지
생공 공지보여줘, 공과대공지
생공 공지좀 알려주세요, 공과대공지
생공 공지가 뭐야, 공과대공지
생공공지뭐야, 공과대공지
생공 공지 뭐야, 공과대공지
생공 공지가 어떻게 돼, 공과대공지
생공 공지는 어떻게 되니, 공과대공지
생공 공지가 뭘까, 공과대공지
하냥아 생공 공지뭐야, 공과대공지
생공과 공지, 공과대공지
하냥아 생공과 공지 알려줘, 공과대공지
하냥아 생공과 공지 알려줄래, 공과대공지
생공과 공지가 알고싶어, 공과대공지
생공과 공지알려줘, 공과대공지
생공과 공지보여줘, 공과대공지
생공과 공지좀 알려주세요, 공과대공지
생공과 공지가 뭐야, 공과대공지
생공과공지뭐야, 공과대공지
생공과 공지 뭐야, 공과대공지
생공과 공지가 어떻게 돼, 공과대공지
생공과 공지는 어떻게 되니, 공과대공지
생공과 공지가 뭘까, 공과대공지
하냥아 생공과 공지뭐야, 공과대공지
공대 생나노 공지, 공과대공지
하냥아 공대 생나노 공지 알려줘, 공과대공지
하냥아 공대 생나노 공지 알려줄래, 공과대공지
공대 생나노 공지가 알고싶어, 공과대공지
공대 생나노 공지알려줘, 공과대공지
공대 생나노 공지보여줘, 공과대공지
공대 생나노 공지좀 알려주세요, 공과대공지
공대 생나노 공지가 뭐야, 공과대공지
공대 생나노공지뭐야, 공과대공지
공대 생나노 공지 뭐야, 공과대공지
공대 생나노 공지가 어떻게 돼, 공과대공지
공대 생나노 공지는 어떻게 되니, 공과대공지
공대 생나노 공지가 뭘까, 공과대공지
하냥아 공대 생나노 공지뭐야, 공과대공지
공대 생나노공학과, 공과대공지
공대 생나노공학과 공지, 공과대공지
하냥아 공대 생나노공학과 공지 알려줘, 공과대공지
하냥아 공대 생나노공학과 공지 알려줄래, 공과대공지
공대 생나노공학과 공지가 알고싶어, 공과대공지
공대 생나노공학과 공지알려줘, 공과대공지
공대 생나노공학과 공지보여줘, 공과대공지
공대 생나노공학과 공지좀 알려주세요, 공과대공지
공대 생나노공학과 공지가 뭐야, 공과대공지
공대 생나노공학과공지뭐야, 공과대공지
공대 생나노공학과 공지 뭐야, 공과대공지
공대 생나노공학과 공지가 어떻게 돼, 공과대공지
공대 생나노공학과 공지는 어떻게 되니, 공과대공지
공대 생나노공학과 공지가 뭘까, 공과대공지
하냥아 공대 생나노공학과 공지뭐야, 공과대공지
공대 생나공 공지, 공과대공지
하냥아 공대 생나공 공지 알려줘, 공과대공지
하냥아 공대 생나공 공지 알려줄래, 공과대공지
공대 생나공 공지가 알고싶어, 공과대공지
공대 생나공 공지알려줘, 공과대공지
공대 생나공 공지보여줘, 공과대공지
공대 생나공 공지좀 알려주세요, 공과대공지
공대 생나공 공지가 뭐야, 공과대공지
공대 생나공공지뭐야, 공과대공지
공대 생나공 공지 뭐야, 공과대공지
공대 생나공 공지가 어떻게 돼, 공과대공지
공대 생나공 공지는 어떻게 되니, 공과대공지
공대 생나공 공지가 뭘까, 공과대공지
하냥아 공대 생나공 공지뭐야, 공과대공지
공대 생나공과, 공과대공지
공대 생나공과 공지, 공과대공지
하냥아 공대 생나공과 공지 알려줘, 공과대공지
하냥아 공대 생나공과 공지 알려줄래, 공과대공지
공대 생나공과 공지가 알고싶어, 공과대공지
공대 생나공과 공지알려줘, 공과대공지
공대 생나공과 공지보여줘, 공과대공지
공대 생나공과 공지좀 알려주세요, 공과대공지
공대 생나공과 공지가 뭐야, 공과대공지
공대 생나공과공지뭐야, 공과대공지
공대 생나공과 공지 뭐야, 공과대공지
공대 생나공과 공지가 어떻게 돼, 공과대공지
공대 생나공과 공지는 어떻게 되니, 공과대공지
공대 생나공과 공지가 뭘까, 공과대공지
하냥아 공대 생나공과 공지뭐야, 공과대공지
생나공 공지, 공과대공지
하냥아 생나공 공지 알려줘, 공과대공지
하냥아 생나공 공지 알려줄래, 공과대공지
생나공 공지가 알고싶어, 공과대공지
생나공 공지알려줘, 공과대공지
생나공 공지보여줘, 공과대공지
생나공 공지좀 알려주세요, 공과대공지
생나공 공지가 뭐야, 공과대공지
생나공공지뭐야, 공과대공지
생나공 공지 뭐야, 공과대공지
생나공 공지가 어떻게 돼, 공과대공지
생나공 공지는 어떻게 되니, 공과대공지
생나공 공지가 뭘까, 공과대공지
하냥아 생나공 공지뭐야, 공과대공지
생나공과 공지, 공과대공지
하냥아 생나공과 공지 알려줘, 공과대공지
하냥아 생나공과 공지 알려줄래, 공과대공지
생나공과 공지가 알고싶어, 공과대공지
생나공과 공지알려줘, 공과대공지
생나공과 공지보여줘, 공과대공지
생나공과 공지좀 알려주세요, 공과대공지
생나공과 공지가 뭐야, 공과대공지
생나공과공지뭐야, 공과대공지
생나공과 공지 뭐야, 공과대공지
생나공과 공지가 어떻게 돼, 공과대공지
생나공과 공지는 어떻게 되니, 공과대공지
생나공과 공지가 뭘까, 공과대공지
하냥아 생나공과 공지뭐야, 공과대공지
스마트융합공학부 공지, 공과대공지
하냥아 스마트융합공학부 공지 알려줘, 공과대공지
하냥아 스마트융합공학부 공지 알려줄래, 공과대공지
스마트융합공학부 공지가 알고싶어, 공과대공지
스마트융합공학부 공지알려줘, 공과대공지
스마트융합공학부 공지보여줘, 공과대공지
스마트융합공학부 공지좀 알려주세요, 공과대공지
스마트융합공학부 공지가 뭐야, 공과대공지
스마트융합공학부공지뭐야, 공과대공지
스마트융합공학부 공지 뭐야, 공과대공지
스마트융합공학부 공지가 어떻게 돼, 공과대공지
스마트융합공학부 공지는 어떻게 되니, 공과대공지
스마트융합공학부 공지가 뭘까, 공과대공지
하냥아 스마트융합공학부 공지뭐야, 공과대공지
스마트융합공학과 공지, 공과대공지
하냥아 스마트융합공학과 공지 알려줘, 공과대공지
하냥아 스마트융합공학과 공지 알려줄래, 공과대공지
스마트융합공학과 공지가 알고싶어, 공과대공지
스마트융합공학과 공지알려줘, 공과대공지
스마트융합공학과 공지보여줘, 공과대공지
스마트융합공학과 공지좀 알려주세요, 공과대공지
스마트융합공학과 공지가 뭐야, 공과대공지
스마트융합공학과공지뭐야, 공과대공지
스마트융합공학과공지 뭐야, 공과대공지
스마트융합공학과 공지가 어떻게 돼, 공과대공지
스마트융합공학과 공지는 어떻게 되니, 공과대공지
스마트융합공학과 공지가 뭘까, 공과대공지
하냥아 스마트융합공학과 공지뭐야, 공과대공지
스마트융합공학 공지, 공과대공지
하냥아 스마트융합공학 공지 알려줘, 공과대공지
하냥아 스마트융합공학 공지 알려줄래, 공과대공지
스마트융합공학 공지가 알고싶어, 공과대공지
스마트융합공학 공지알려줘, 공과대공지
스마트융합공학 공지보여줘, 공과대공지
스마트융합공학 공지좀 알려주세요, 공과대공지
스마트융합공학 공지가 뭐야, 공과대공지
스마트융합공학공지뭐야, 공과대공지
스마트융합공학공지 뭐야, 공과대공지
스마트융합공학 공지가 어떻게 돼, 공과대공지
스마트융합공학 공지는 어떻게 되니, 공과대공지
스마트융합공학 공지가 뭘까, 공과대공지
하냥아 스마트융합공학 공지뭐야, 공과대공지
스융 공지, 공과대공지
하냥아 스융 공지 알려줘, 공과대공지
하냥아 스융 공지 알려줄래, 공과대공지
스융 공지가 알고싶어, 공과대공지
스융 공지알려줘, 공과대공지
스융 공지보여줘, 공과대공지
스융 공지좀 알려주세요, 공과대공지
스융 공지가 뭐야, 공과대공지
스융공지뭐야, 공과대공지
스융공지 뭐야, 공과대공지
스융 공지가 어떻게 돼, 공과대공지
스융 공지는 어떻게 되니, 공과대공지
스융 공지가 뭘까, 공과대공지
하냥아 스융 공지뭐야, 공과대공지
스마트융합과 공지, 공과대공지
하냥아 스마트융합과 공지 알려줘, 공과대공지
하냥아 스마트융합과 공지 알려줄래, 공과대공지
스마트융합과 공지가 알고싶어, 공과대공지
스마트융합과 공지알려줘, 공과대공지
스마트융합과 공지보여줘, 공과대공지
스마트융합과 공지좀 알려주세요, 공과대공지
스마트융합과 공지가 뭐야, 공과대공지
스마트융합과공지뭐야, 공과대공지
스마트융합과공지 뭐야, 공과대공지
스마트융합과 공지가 어떻게 돼, 공과대공지
스마트융합과 공지는 어떻게 되니, 공과대공지
스마트융합과 공지가 뭘까, 공과대공지
하냥아 스마트융합과 공지뭐야, 공과대공지
하냥아 스융공 공지 알려줘, 공과대공지
하냥아 스융공 공지 알려줄래, 공과대공지
스융공 공지가 알고싶어, 공과대공지
스융공 공지알려줘, 공과대공지
스융공 공지보여줘, 공과대공지
스융공 공지좀 알려주세요, 공과대공지
스융공 공지가 뭐야, 공과대공지
스융공공지뭐야, 공과대공지
스융공공지 뭐야, 공과대공지
스융공 공지가 어떻게 돼, 공과대공지
스융공 공지는 어떻게 되니, 공과대공지
스융공 공지가 뭘까, 공과대공지
하냥아 스융공 공지뭐야, 공과대공지
스융공학 공지, 공과대공지
하냥아 스융공학 공지 알려줘, 공과대공지
하냥아 스융공학 공지 알려줄래, 공과대공지
스융공학 공지가 알고싶어, 공과대공지
스융공학 공지알려줘, 공과대공지
스융공학 공지보여줘, 공과대공지
스융공학 공지좀 알려주세요, 공과대공지
스융공학 공지가 뭐야, 공과대공지
스융공학공지뭐야, 공과대공지
스융공학공지 뭐야, 공과대공지
스융공학 공지가 어떻게 돼, 공과대공지
스융공학 공지는 어떻게 되니, 공과대공지
스융공학 공지가 뭘까, 공과대공지
하냥아 스융공학 공지뭐야, 공과대공지
스융공학과 공지, 공과대공지
하냥아 스융공학과 공지 알려줘, 공과대공지
하냥아 스융공학과 공지 알려줄래, 공과대공지
스융공학과 공지가 알고싶어, 공과대공지
스융공학과 공지알려줘, 공과대공지
스융공학과 공지보여줘, 공과대공지
스융공학과 공지좀 알려주세요, 공과대공지
스융공학과 공지가 뭐야, 공과대공지
스융공학과공지뭐야, 공과대공지
스융공학과공지 뭐야, 공과대공지
스융공학과 공지가 어떻게 돼, 공과대공지
스융공학과 공지는 어떻게 되니, 공과대공지
스융공학과 공지가 뭘까, 공과대공지
하냥아 스융공학과 공지뭐야, 공과대공지
스마트융합공학부 건축it융합 공지, 공과대공지
하냥아 스마트융합공학부 건축it융합 공지 알려줘, 공과대공지
하냥아 스마트융합공학부 건축it융합 공지 알려줄래, 공과대공지
스마트융합공학부 건축it융합 공지가 알고싶어, 공과대공지
스마트융합공학부 건축it융합 공지알려줘, 공과대공지
스마트융합공학부 건축it융합 공지보여줘, 공과대공지
스마트융합공학부 건축it융합 공지좀 알려주세요, 공과대공지
스마트융합공학부 건축it융합 공지가 뭐야, 공과대공지
스마트융합공학부 건축it융합공지뭐야, 공과대공지
스마트융합공학부 건축it융합공지 뭐야, 공과대공지
스마트융합공학부 건축it융합 공지가 어떻게 돼, 공과대공지
스마트융합공학부 건축it융합 공지는 어떻게 되니, 공과대공지
스마트융합공학부 건축it융합 공지가 뭘까, 공과대공지
하냥아 스마트융합공학부 건축it융합 공지뭐야, 공과대공지
스마트융합공학부 건축IT융합, 공과대공지
스융 건축IT융합 건축it융합 공지, 공과대공지
하냥아 스융 건축IT융합 건축it융합 공지 알려줘, 공과대공지
하냥아 스융 건축IT융합 건축it융합 공지 알려줄래, 공과대공지
스융 건축IT융합 건축it융합 공지가 알고싶어, 공과대공지
스융 건축IT융합 건축it융합 공지알려줘, 공과대공지
스융 건축IT융합 건축it융합 공지보여줘, 공과대공지
스융 건축IT융합 건축it융합 공지좀 알려주세요, 공과대공지
스융 건축IT융합 건축it융합 공지가 뭐야, 공과대공지
스융 건축IT융합 건축it융합공지뭐야, 공과대공지
스융 건축IT융합 건축it융합공지 뭐야, 공과대공지
스융 건축IT융합 건축it융합 공지가 어떻게 돼, 공과대공지
스융 건축IT융합 건축it융합 공지는 어떻게 되니, 공과대공지
스융 건축IT융합 건축it융합 공지가 뭘까, 공과대공지
하냥아 스융 건축IT융합 건축it융합 공지뭐야, 공과대공지
스융 건축it융합, 공과대공지
건축IT융합과, 공과대공지
건축IT융합과 공지, 공과대공지
하냥아 건축IT융합과 공지 알려줘, 공과대공지
하냥아 건축IT융합과 공지 알려줄래, 공과대공지
건축IT융합과 공지가 알고싶어, 공과대공지
건축IT융합과 공지알려줘, 공과대공지
건축IT융합과 공지보여줘, 공과대공지
건축IT융합과 공지좀 알려주세요, 공과대공지
건축IT융합과 공지가 뭐야, 공과대공지
건축IT융합과공지뭐야, 공과대공지
건축IT융합과공지 뭐야, 공과대공지
건축IT융합과 공지가 어떻게 돼, 공과대공지
건축IT융합과 공지는 어떻게 되니, 공과대공지
건축IT융합과 공지가 뭘까, 공과대공지
하냥아 건축IT융합과 공지뭐야, 공과대공지
스마트융합공학부 로봇융합, 공과대공지
스마트융합공학부 로봇융합 공지, 공과대공지
하냥아 스마트융합공학부 로봇융합 공지 알려줘, 공과대공지
하냥아 스마트융합공학부 로봇융합 공지 알려줄래, 공과대공지
스마트융합공학부 로봇융합 공지가 알고싶어, 공과대공지
스마트융합공학부 로봇융합 공지알려줘, 공과대공지
스마트융합공학부 로봇융합 공지보여줘, 공과대공지
스마트융합공학부 로봇융합 공지좀 알려주세요, 공과대공지
스마트융합공학부 로봇융합 공지가 뭐야, 공과대공지
스마트융합공학부 로봇융합공지뭐야, 공과대공지
스마트융합공학부 로봇융합공지 뭐야, 공과대공지
스마트융합공학부 로봇융합 공지가 어떻게 돼, 공과대공지
스마트융합공학부 로봇융합 공지는 어떻게 되니, 공과대공지
스마트융합공학부 로봇융합 공지가 뭘까, 공과대공지
하냥아 스마트융합공학부 로봇융합 공지뭐야, 공과대공지
스융 로봇융합 공지, 공과대공지
하냥아 스융 로봇융합 공지 알려줘, 공과대공지
하냥아 스융 로봇융합 공지 알려줄래, 공과대공지
스융 로봇융합 공지가 알고싶어, 공과대공지
스융 로봇융합 공지알려줘, 공과대공지
스융 로봇융합 공지보여줘, 공과대공지
스융 로봇융합 공지좀 알려주세요, 공과대공지
스융 로봇융합 공지가 뭐야, 공과대공지
스융 로봇융합공지뭐야, 공과대공지
스융 로봇융합공지 뭐야, 공과대공지
스융 로봇융합 공지가 어떻게 돼, 공과대공지
스융 로봇융합 공지는 어떻게 되니, 공과대공지
스융 로봇융합 공지가 뭘까, 공과대공지
하냥아 스융 로봇융합 공지뭐야, 공과대공지
스마트융합공학부 소재부품융합전공 공지알려줘, 공과대공지
스융 소재부품전공, 공과대공지
스융 소재부품융합전공 공지, 공과대공지
하냥아 스융 소재부품융합전공 공지 알려줘, 공과대공지
하냥아 스융 소재부품융합전공 공지 알려줄래, 공과대공지
스융 소재부품융합전공 공지가 알고싶어, 공과대공지
스융 소재부품융합전공 공지알려줘, 공과대공지
스융 소재부품융합전공 공지보여줘, 공과대공지
스융 소재부품융합전공 공지좀 알려주세요, 공과대공지
스융 소재부품융합전공 공지가 뭐야, 공과대공지
스융 소재부품융합전공공지뭐야, 공과대공지
스융 소재부품융합전공공지 뭐야, 공과대공지
스융 소재부품융합전공 공지가 어떻게 돼, 공과대공지
스융 소재부품융합전공 공지는 어떻게 되니, 공과대공지
스융 소재부품융합전공 공지가 뭘까, 공과대공지
하냥아 스융 소재부품융합전공 공지뭐야, 공과대공지
스마트융합공학부 스마트ICT융합 공지, 공과대공지
하냥아 스마트융합공학부 스마트ICT융합 공지 알려줘, 공과대공지
하냥아 스마트융합공학부 스마트ICT융합 공지 알려줄래, 공과대공지
스마트융합공학부 스마트ICT융합 공지가 알고싶어, 공과대공지
스마트융합공학부 스마트ICT융합 공지알려줘, 공과대공지
스마트융합공학부 스마트ICT융합 공지보여줘, 공과대공지
스마트융합공학부 스마트ICT융합 공지좀 알려주세요, 공과대공지
스마트융합공학부 스마트ICT융합 공지가 뭐야, 공과대공지
스마트융합공학부 스마트ICT융합공지뭐야, 공과대공지
스마트융합공학부 스마트ICT융합공지 뭐야, 공과대공지
스마트융합공학부 스마트ICT융합 공지가 어떻게 돼, 공과대공지
스마트융합공학부 스마트ICT융합 공지는 어떻게 되니, 공과대공지
스마트융합공학부 스마트ICT융합 공지가 뭘까, 공과대공지
하냥아 스마트융합공학부 스마트ICT융합 공지뭐야, 공과대공지
스마트융합공학부 스마트ICT 공지, 공과대공지
하냥아 스마트융합공학부 스마트ICT 공지 알려줘, 공과대공지
하냥아 스마트융합공학부 스마트ICT 공지 알려줄래, 공과대공지
스마트융합공학부 스마트ICT 공지가 알고싶어, 공과대공지
스마트융합공학부 스마트ICT 공지알려줘, 공과대공지
스마트융합공학부 스마트ICT 공지보여줘, 공과대공지
스마트융합공학부 스마트ICT 공지좀 알려주세요, 공과대공지
스마트융합공학부 스마트ICT 공지가 뭐야, 공과대공지
스마트융합공학부 스마트ICT공지뭐야, 공과대공지
스마트융합공학부 스마트ICT공지 뭐야, 공과대공지
스마트융합공학부 스마트ICT 공지가 어떻게 돼, 공과대공지
스마트융합공학부 스마트ICT 공지는 어떻게 되니, 공과대공지
스마트융합공학부 스마트ICT 공지가 뭘까, 공과대공지
하냥아 스마트융합공학부 스마트ICT 공지뭐야, 공과대공지
스마트융합공학과 스마트아씨티 공지알려줘, 공과대공지
스융 스마트아씨티 공지가 궁금해, 공과대공지
스융 스마트ICT전공 공지알려줘, 공과대공지
융합공학과 공지, 공과대공지
하냥아 융합공학과 공지 알려줘, 공과대공지
하냥아 융합공학과 공지 알려줄래, 공과대공지
융합공학과 공지가 알고싶어, 공과대공지
융합공학과 공지알려줘, 공과대공지
융합공학과 공지보여줘, 공과대공지
융합공학과 공지좀 알려주세요, 공과대공지
융합공학과 공지가 뭐야, 공과대공지
융합공학과공지뭐야, 공과대공지
융합공학과공지 뭐야, 공과대공지
융합공학과 공지가 어떻게 돼, 공과대공지
융합공학과 공지는 어떻게 되니, 공과대공지
융합공학과 공지가 뭘까, 공과대공지
하냥아 융합공학과 공지뭐야, 공과대공지
융합공학과공지가 궁금해, 공과대공지
융합공학 공지, 공과대공지
하냥아 융합공학 공지 알려줘, 공과대공지
하냥아 융합공학 공지 알려줄래, 공과대공지
융합공학 공지가 알고싶어, 공과대공지
융합공학 공지알려줘, 공과대공지
융합공학 공지보여줘, 공과대공지
융합공학 공지좀 알려주세요, 공과대공지
융합공학 공지가 뭐야, 공과대공지
융합공학공지뭐야, 공과대공지
융합공학공지 뭐야, 공과대공지
융합공학 공지가 어떻게 돼, 공과대공지
융합공학 공지는 어떻게 되니, 공과대공지
융합공학 공지가 뭘까, 공과대공지
하냥아 융합공학 공지뭐야, 공과대공지
융합공학공지가 궁금해, 공과대공지
융합공학부 공지, 공과대공지
하냥아 융합공학부 공지 알려줘, 공과대공지
하냥아 융합공학부 공지 알려줄래, 공과대공지
융합공학부 공지가 알고싶어, 공과대공지
융합공학부 공지알려줘, 공과대공지
융합공학부 공지보여줘, 공과대공지
융합공학부 공지좀 알려주세요, 공과대공지
융합공학부 공지가 뭐야, 공과대공지
융합공학부공지뭐야, 공과대공지
융합공학부공지 뭐야, 공과대공지
융합공학부 공지가 어떻게 돼, 공과대공지
융합공학부 공지는 어떻게 되니, 공과대공지
융합공학부 공지가 뭘까, 공과대공지
하냥아 융합공학부 공지뭐야, 공과대공지
융합공학부공지가 궁금해, 공과대공지
융합공, 공과대공지
융합공 공지, 공과대공지
하냥아 융합공 공지 알려줘, 공과대공지
하냥아 융합공 공지 알려줄래, 공과대공지
융합공 공지가 알고싶어, 공과대공지
융합공 공지알려줘, 공과대공지
융합공 공지보여줘, 공과대공지
융합공 공지좀 알려주세요, 공과대공지
융합공 공지가 뭐야, 공과대공지
융합공공지뭐야, 공과대공지
융합공공지 뭐야, 공과대공지
융합공 공지가 어떻게 돼, 공과대공지
융합공 공지는 어떻게 되니, 공과대공지
융합공 공지가 뭘까, 공과대공지
하냥아 융합공 공지뭐야, 공과대공지
융합공 공지가 궁금해, 공과대공지
재료화학공학과, 공과대공지
재료화학공학과 공지, 공과대공지
하냥아 재료화학공학과 공지 알려줘, 공과대공지
하냥아 재료화학공학과 공지 알려줄래, 공과대공지
재료화학공학과 공지가 알고싶어, 공과대공지
재료화학공학과 공지알려줘, 공과대공지
재료화학공학과 공지보여줘, 공과대공지
재료화학공학과 공지좀 알려주세요, 공과대공지
재료화학공학과 공지가 뭐야, 공과대공지
재료화학공학과공지뭐야, 공과대공지
재료화학공학과공지 뭐야, 공과대공지
재료화학공학과 공지가 어떻게 돼, 공과대공지
재료화학공학과 공지는 어떻게 되니, 공과대공지
재료화학공학과 공지가 뭘까, 공과대공지
하냥아 재료화학공학과 공지뭐야, 공과대공지
재료화학공학과공지가 궁금해, 공과대공지
재료화학공학, 공과대공지
재료화학공학 공지, 공과대공지
하냥아 재료화학공학 공지 알려줘, 공과대공지
하냥아 재료화학공학 공지 알려줄래, 공과대공지
재료화학공학 공지가 알고싶어, 공과대공지
재료화학공학 공지알려줘, 공과대공지
재료화학공학 공지보여줘, 공과대공지
재료화학공학 공지좀 알려주세요, 공과대공지
재료화학공학 공지가 뭐야, 공과대공지
재료화학공학공지뭐야, 공과대공지
재료화학공학공지 뭐야, 공과대공지
재료화학공학 공지가 어떻게 돼, 공과대공지
재료화학공학 공지는 어떻게 되니, 공과대공지
재료화학공학 공지가 뭘까, 공과대공지
하냥아 재료화학공학 공지뭐야, 공과대공지
재료화학공학공지가 궁금해, 공과대공지
재료화학공학부 공지, 공과대공지
하냥아 재료화학공학부 공지 알려줘, 공과대공지
하냥아 재료화학공학부 공지 알려줄래, 공과대공지
재료화학공학부 공지가 알고싶어, 공과대공지
재료화학공학부 공지알려줘, 공과대공지
재료화학공학부 공지보여줘, 공과대공지
재료화학공학부 공지좀 알려주세요, 공과대공지
재료화학공학부 공지가 뭐야, 공과대공지
재료화학공학부공지뭐야, 공과대공지
재료화학공학부공지 뭐야, 공과대공지
재료화학공학부 공지가 어떻게 돼, 공과대공지
재료화학공학부 공지는 어떻게 되니, 공과대공지
재료화학공학부 공지가 뭘까, 공과대공지
하냥아 재료화학공학부 공지뭐야, 공과대공지
재료화학공학부공지가 궁금해, 공과대공지
재료화학공 공지, 공과대공지
하냥아 재료화학공 공지 알려줘, 공과대공지
하냥아 재료화학공 공지 알려줄래, 공과대공지
재료화학공 공지가 알고싶어, 공과대공지
재료화학공 공지알려줘, 공과대공지
재료화학공 공지보여줘, 공과대공지
재료화학공 공지좀 알려주세요, 공과대공지
재료화학공 공지가 뭐야, 공과대공지
재료화학공공지뭐야, 공과대공지
재료화학공공지 뭐야, 공과대공지
재료화학공 공지가 어떻게 돼, 공과대공지
재료화학공 공지는 어떻게 되니, 공과대공지
재료화학공 공지가 뭘까, 공과대공지
하냥아 재료화학공 공지뭐야, 공과대공지
재료화학공공지가 궁금해, 공과대공지
재화공 공지, 공과대공지
하냥아 재화공 공지 알려줘, 공과대공지
하냥아 재화공 공지 알려줄래, 공과대공지
재화공 공지가 알고싶어, 공과대공지
재화공 공지알려줘, 공과대공지
재화공 공지보여줘, 공과대공지
재화공 공지좀 알려주세요, 공과대공지
재화공 공지가 뭐야, 공과대공지
재화공공지뭐야, 공과대공지
재화공공지 뭐야, 공과대공지
재화공 공지가 어떻게 돼, 공과대공지
재화공 공지는 어떻게 되니, 공과대공지
재화공 공지가 뭘까, 공과대공지
하냥아 재화공 공지뭐야, 공과대공지
재화공공지가 궁금해, 공과대공지
전자공학부, 공과대공지
전자공학부 공지, 공과대공지
하냥아 전자공학부 공지 알려줘, 공과대공지
하냥아 전자공학부 공지 알려줄래, 공과대공지
전자공학부 공지가 알고싶어, 공과대공지
전자공학부 공지알려줘, 공과대공지
전자공학부 공지보여줘, 공과대공지
전자공학부 공지좀 알려주세요, 공과대공지
전자공학부 공지가 뭐야, 공과대공지
전자공학부공지뭐야, 공과대공지 
전자공학부공지 뭐야, 공과대공지
전자공학부 공지가 어떻게 돼, 공과대공지
전자공학부 공지는 어떻게 되니, 공과대공지
전자공학부 공지가 뭘까, 공과대공지
하냥아 전자공학부 공지뭐야, 공과대공지
전자공학부공지가 궁금해, 공과대공지
전자공학과 공지, 공과대공지
하냥아 전자공학과 공지 알려줘, 공과대공지
하냥아 전자공학과 공지 알려줄래, 공과대공지
전자공학과 공지가 알고싶어, 공과대공지
전자공학과 공지알려줘, 공과대공지
전자공학과 공지보여줘, 공과대공지
전자공학과 공지좀 알려주세요, 공과대공지
전자공학과 공지가 뭐야, 공과대공지
전자공학과공지뭐야, 공과대공지
전자공학과공지 뭐야, 공과대공지
전자공학과 공지가 어떻게 돼, 공과대공지
전자공학과 공지는 어떻게 되니, 공과대공지
전자공학과 공지가 뭘까, 공과대공지
하냥아 전자공학과 공지뭐야, 공과대공지
전자공학과공지가 궁금해, 공과대공지
전자공, 공과대공지
전자공 공지, 공과대공지
하냥아 전자공 공지 알려줘, 공과대공지
하냥아 전자공 공지 알려줄래, 공과대공지
전자공 공지가 알고싶어, 공과대공지
전자공 공지알려줘, 공과대공지
전자공 공지보여줘, 공과대공지
전자공 공지좀 알려주세요, 공과대공지
전자공 공지가 뭐야, 공과대공지
전자공공지뭐야, 공과대공지
전자공공지 뭐야, 공과대공지
전자공 공지가 어떻게 돼, 공과대공지
전자공 공지는 어떻게 되니, 공과대공지
전자공 공지가 뭘까, 공과대공지
하냥아 전자공 공지뭐야, 공과대공지
전자공공지가 궁금해, 공과대공지
전자공학, 공과대공지
전자공학 공지, 공과대공지
하냥아 전자공학 공지 알려줘, 공과대공지
하냥아 전자공학 공지 알려줄래, 공과대공지
전자공학 공지가 알고싶어, 공과대공지
전자공학 공지알려줘, 공과대공지
전자공학 공지보여줘, 공과대공지
전자공학 공지좀 알려주세요, 공과대공지
전자공학 공지가 뭐야, 공과대공지
전자공학공지뭐야, 공과대공지
전자공학공지 뭐야, 공과대공지
전자공학 공지가 어떻게 돼, 공과대공지
전자공학 공지는 어떻게 되니, 공과대공지
전자공학 공지가 뭘까, 공과대공지
하냥아 전자공학 공지뭐야, 공과대공지
전자공학공지가 궁금해, 공과대공지
과학기술대학, 과기대공지
과학기술대학 공지, 과기대공지
하냥아 과학기술대학 공지 알려줘, 과기대공지
하냥아 과학기술대학 공지 알려줄래, 과기대공지
과학기술대학 공지가 알고싶어, 과기대공지
과학기술대학 공지알려줘, 과기대공지
과학기술대학 공지보여줘, 과기대공지
과학기술대학 공지좀 알려주세요, 과기대공지
과학기술대학 공지가 뭐야, 과기대공지
과학기술대학공지뭐야, 과기대공지
과학기술대학공지 뭐야, 과기대공지
과학기술대학 공지가 어떻게 돼, 과기대공지
과학기술대학 공지는 어떻게 되니, 과기대공지
과학기술대학 공지가 뭘까, 과기대공지
하냥아 과학기술대학 공지뭐야, 과기대공지
과학기술대학공지가 궁금해, 과기대공지
과기대, 과기대공지
과기대 공지, 과기대공지
하냥아 과기대 공지 알려줘, 과기대공지
하냥아 과기대 공지 알려줄래, 과기대공지
과기대 공지가 알고싶어, 과기대공지
과기대 공지알려줘, 과기대공지
과기대 공지보여줘, 과기대공지
과기대 공지좀 알려주세요, 과기대공지
과기대 공지가 뭐야, 과기대공지
과기대공지뭐야, 과기대공지
과기대공지 뭐야, 과기대공지
과기대 공지가 어떻게 돼, 과기대공지
과기대 공지는 어떻게 되니, 과기대공지
과기대 공지가 뭘까, 과기대공지
하냥아 과기대 공지뭐야, 과기대공지
과기대공지가 궁금해, 과기대공지
과학기술대, 과기대공지
과학기술대 공지, 과기대공지
하냥아 과학기술대 공지 알려줘, 과기대공지
하냥아 과학기술대 공지 알려줄래, 과기대공지
과학기술대 공지가 알고싶어, 과기대공지
과학기술대 공지알려줘, 과기대공지
과학기술대 공지보여줘, 과기대공지
과학기술대 공지좀 알려주세요, 과기대공지
과학기술대 공지가 뭐야, 과기대공지
과학기술대공지뭐야, 과기대공지
과학기술대공지 뭐야, 과기대공지
과학기술대 공지가 어떻게 돼, 과기대공지v
과학기술대 공지는 어떻게 되니, 과기대공지
과학기술대 공지가 뭘까, 과기대공지
하냥아 과학기술대 공지뭐야, 과기대공지
과학기술대공지가 궁금해, 과기대공지
나노광전자학과, 과기대공지
나노광전자학과 공지, 과기대공지
하냥아 나노광전자학과 공지 알려줘, 과기대공지
하냥아 나노광전자학과 공지 알려줄래, 과기대공지
나노광전자학과 공지가 알고싶어, 과기대공지
나노광전자학과 공지알려줘, 과기대공지
나노광전자학과 공지보여줘, 과기대공지
나노광전자학과 공지좀 알려주세요, 과기대공지
나노광전자학과 공지가 뭐야, 과기대공지
나노광전자학과공지뭐야, 과기대공지
나노광전자학과공지 뭐야, 과기대공지
나노광전자학과 공지가 어떻게 돼, 과기대공지
나노광전자학과 공지는 어떻게 되니, 과기대공지
나노광전자학과 공지가 뭘까, 과기대공지
하냥아 나노광전자학과 공지뭐야, 과기대공지
나노광전자학과공지가 궁금해, 과기대공지
나노광 공지, 과기대공지
하냥아 나노광 공지 알려줘, 과기대공지
하냥아 나노광 공지 알려줄래, 과기대공지
나노광 공지가 알고싶어, 과기대공지
나노광 공지알려줘, 과기대공지
나노광 공지보여줘, 과기대공지
나노광 공지좀 알려주세요, 과기대공지
나노광 공지가 뭐야, 과기대공지
나노광공지뭐야, 과기대공지
나노광공지 뭐야, 과기대공지
나노광 공지가 어떻게 돼, 과기대공지
나노광 공지는 어떻게 되니, 과기대공지
나노광 공지가 뭘까, 과기대공지
하냥아 나노광 공지뭐야, 과기대공지
나노광공지가 궁금해, 과기대공지
과기대 나노광, 과기대공지
과기대 나노광 공지, 과기대공지
하냥아 과기대 나노광 공지 알려줘, 과기대공지
하냥아 과기대 나노광 공지 알려줄래, 과기대공지
과기대 나노광 공지가 알고싶어, 과기대공지
과기대 나노광 공지알려줘, 과기대공지
과기대 나노광 공지보여줘, 과기대공지
과기대 나노광 공지좀 알려주세요, 과기대공지
과기대 나노광 공지가 뭐야, 과기대공지
과기대 나노광공지뭐야, 과기대공지
과기대 나노광공지 뭐야, 과기대공지
과기대 나노광 공지가 어떻게 돼, 과기대공지
과기대 나노광 공지는 어떻게 되니, 과기대공지
과기대 나노광 공지가 뭘까, 과기대공지
하냥아 과기대 나노광 공지뭐야, 과기대공지
과기대 나노광공지가 궁금해, 과기대공지
과기대 나노광전자, 과기대공지
과기대 나노광전자 공지, 과기대공지
하냥아 과기대 나노광전자 공지 알려줘, 과기대공지
하냥아 과기대 나노광전자 공지 알려줄래, 과기대공지
과기대 나노광전자 공지가 알고싶어, 과기대공지
과기대 나노광전자 공지알려줘, 과기대공지
과기대 나노광전자 공지보여줘, 과기대공지
과기대 나노광전자 공지좀 알려주세요, 과기대공지
과기대 나노광전자 공지가 뭐야, 과기대공지
과기대 나노광전자공지뭐야, 과기대공지
과기대 나노광전자공지 뭐야, 과기대공지
과기대 나노광전자 공지가 어떻게 돼, 과기대공지
과기대 나노광전자 공지는 어떻게 되니, 과기대공지
과기대 나노광전자 공지가 뭘까, 과기대공지
하냥아 과기대 나노광전자 공지뭐야, 과기대공지
과기대 나노광전자공지가 궁금해, 과기대공지
분자생명과학과 공지, 과기대공지
하냥아 분자생명과학과 공지 알려줘, 과기대공지
하냥아 분자생명과학과 공지 알려줄래, 과기대공지
분자생명과학과 공지가 알고싶어, 과기대공지
분자생명과학과 공지알려줘, 과기대공지
분자생명과학과 공지보여줘, 과기대공지
분자생명과학과 공지좀 알려주세요, 과기대공지
분자생명과학과 공지가 뭐야, 과기대공지
분자생명과학과공지뭐야, 과기대공지
분자생명과학과공지 뭐야, 과기대공지
분자생명과학과 공지가 어떻게 돼, 과기대공지
분자생명과학과 공지는 어떻게 되니, 과기대공지
분자생명과학과 공지가 뭘까, 과기대공지
하냥아 분자생명과학과 공지뭐야, 과기대공지
분자생명과학과공지가 궁금해, 과기대공지
분자생명과학과, 과기대공지
분생, 과기대공지
분생 공지, 과기대공지
하냥아 분생 공지 알려줘, 과기대공지
하냥아 분생 공지 알려줄래, 과기대공지
분생 공지가 알고싶어, 과기대공지
분생 공지알려줘, 과기대공지
분생 공지보여줘, 과기대공지
분생 공지좀 알려주세요, 과기대공지
분생 공지가 뭐야, 과기대공지
분생공지뭐야, 과기대공지
분생공지 뭐야, 과기대공지
분생 공지가 어떻게 돼, 과기대공지
분생 공지는 어떻게 되니, 과기대공지
분생 공지가 뭘까, 과기대공지
하냥아 분생 공지뭐야, 과기대공지
분생공지가 궁금해, 과기대공지
분자생명과 공지가 뭐야, 과기대공지
분자생명과학 공지알려줘, 과기대공지
분자생명과학 공지가 궁금해, 과기대공지
분생과, 과기대공지
분생과 공지, 과기대공지
하냥아 분생과 공지 알려줘, 과기대공지
하냥아 분생과 공지 알려줄래, 과기대공지
분생과 공지가 알고싶어, 과기대공지
분생과 공지알려줘, 과기대공지
분생과 공지보여줘, 과기대공지
분생과 공지좀 알려주세요, 과기대공지
분생과 공지가 뭐야, 과기대공지
분생과공지뭐야, 과기대공지
분생과공지 뭐야, 과기대공지
분생과 공지가 어떻게 돼, 과기대공지
분생과 공지는 어떻게 되니, 과기대공지
분생과 공지가 뭘까, 과기대공지
하냥아 분생과 공지뭐야, 과기대공지
분생과공지가 궁금해, 과기대공지
응용물리학과, 과기대공지
응용물리학과 공지, 과기대공지
하냥아 응용물리학과 공지 알려줘, 과기대공지
하냥아 응용물리학과 공지 알려줄래, 과기대공지
응용물리학과 공지가 알고싶어, 과기대공지
응용물리학과 공지알려줘, 과기대공지
응용물리학과 공지보여줘, 과기대공지
응용물리학과 공지좀 알려주세요, 과기대공지
응용물리학과 공지가 뭐야, 과기대공지
응용물리학과공지뭐야, 과기대공지
응용물리학과공지 뭐야, 과기대공지
응용물리학과 공지가 어떻게 돼, 과기대공지
응용물리학과 공지는 어떻게 되니, 과기대공지
응용물리학과 공지가 뭘까, 과기대공지
하냥아 응용물리학과 공지뭐야, 과기대공지
응용물리학과공지가 궁금해, 과기대공지
응물, 과기대공지
응물 공지, 과기대공지
하냥아 응물 공지 알려줘, 과기대공지
하냥아 응물 공지 알려줄래, 과기대공지
응물 공지가 알고싶어, 과기대공지
응물 공지알려줘, 과기대공지
응물 공지보여줘, 과기대공지
응물 공지좀 알려주세요, 과기대공지
응물 공지가 뭐야, 과기대공지
응물공지뭐야, 과기대공지
응물공지 뭐야, 과기대공지
응물 공지가 어떻게 돼, 과기대공지
응물 공지는 어떻게 되니, 과기대공지
응물 공지가 뭘까, 과기대공지
하냥아 응물 공지뭐야, 과기대공지
응물공지가 궁금해, 과기대공지
물리학과, 과기대공지
물리학과 공지, 과기대공지
하냥아 물리학과 공지 알려줘, 과기대공지
하냥아 물리학과 공지 알려줄래, 과기대공지
물리학과 공지가 알고싶어, 과기대공지
물리학과 공지알려줘, 과기대공지
물리학과 공지보여줘, 과기대공지
물리학과 공지좀 알려주세요, 과기대공지
물리학과 공지가 뭐야, 과기대공지
물리학과공지뭐야, 과기대공지
물리학과공지 뭐야, 과기대공지
물리학과 공지가 어떻게 돼, 과기대공지
물리학과 공지는 어떻게 되니, 과기대공지
물리학과 공지가 뭘까, 과기대공지
하냥아 물리학과 공지뭐야, 과기대공지
물리학과공지가 궁금해, 과기대공지
과기대 물리, 과기대공지
과기대 물리 공지, 과기대공지
하냥아 과기대 물리 공지 알려줘, 과기대공지
하냥아 과기대 물리 공지 알려줄래, 과기대공지
과기대 물리 공지가 알고싶어, 과기대공지
과기대 물리 공지알려줘, 과기대공지
과기대 물리 공지보여줘, 과기대공지
과기대 물리 공지좀 알려주세요, 과기대공지
과기대 물리 공지가 뭐야, 과기대공지
과기대 물리공지뭐야, 과기대공지
과기대 물리공지 뭐야, 과기대공지
과기대 물리 공지가 어떻게 돼, 과기대공지
과기대 물리 공지는 어떻게 되니, 과기대공지
과기대 물리 공지가 뭘까, 과기대공지
하냥아 과기대 물리 공지뭐야, 과기대공지
과기대 물리공지가 궁금해, 과기대공지
과기대 응용물리, 과기대공지
과기대 응용물리학과 공지, 과기대공지
하냥아 과기대 응용물리학과 공지 알려줘, 과기대공지
하냥아 과기대 응용물리학과 공지 알려줄래, 과기대공지
과기대 응용물리학과 공지가 알고싶어, 과기대공지
과기대 응용물리학과 공지알려줘, 과기대공지
과기대 응용물리학과 공지보여줘, 과기대공지
과기대 응용물리학과 공지좀 알려주세요, 과기대공지
과기대 응용물리학과 공지가 뭐야, 과기대공지
과기대 응용물리학과공지뭐야, 과기대공지
과기대 응용물리학과공지 뭐야, 과기대공지
과기대 응용물리학과 공지가 어떻게 돼, 과기대공지
과기대 응용물리학과 공지는 어떻게 되니, 과기대공지
과기대 응용물리학과 공지가 뭘까, 과기대공지
하냥아 과기대 응용물리학과 공지뭐야, 과기대공지
과기대 응용물리학과공지가 궁금해, 과기대공지
응용수학과, 과기대공지
응용수학과 공지, 과기대공지
하냥아 응용수학과 공지 알려줘, 과기대공지
하냥아 응용수학과 공지 알려줄래, 과기대공지
응용수학과 공지가 알고싶어, 과기대공지
응용수학과 공지알려줘, 과기대공지
응용수학과 공지보여줘, 과기대공지
응용수학과 공지좀 알려주세요, 과기대공지
응용수학과 공지가 뭐야, 과기대공지
응용수학과공지뭐야, 과기대공지
응용수학과공지 뭐야, 과기대공지
응용수학과 공지가 어떻게 돼, 과기대공지
응용수학과 공지는 어떻게 되니, 과기대공지
응용수학과 공지가 뭘까, 과기대공지
하냥아 응용수학과 공지뭐야, 과기대공지
응용수학과공지가 궁금해, 과기대공지
수학과, 과기대공지
수학과 공지, 과기대공지
하냥아 수학과 공지 알려줘, 과기대공지
하냥아 수학과 공지 알려줄래, 과기대공지
수학과 공지가 알고싶어, 과기대공지
수학과 공지알려줘, 과기대공지
수학과 공지보여줘, 과기대공지
수학과 공지좀 알려주세요, 과기대공지
수학과 공지가 뭐야, 과기대공지
수학과공지뭐야, 과기대공지
수학과공지 뭐야, 과기대공지
수학과 공지가 어떻게 돼, 과기대공지
수학과 공지는 어떻게 되니, 과기대공지
수학과 공지가 뭘까, 과기대공지
하냥아 수학과 공지뭐야, 과기대공지
수학과공지가 궁금해, 과기대공지
응수, 과기대공지
해양융합공학과, 과기대공지
해양융합공학과 공지, 과기대공지
하냥아 해양융합공학과 공지 알려줘, 과기대공지
하냥아 해양융합공학과 공지 알려줄래, 과기대공지
해양융합공학과 공지가 알고싶어, 과기대공지
해양융합공학과 공지알려줘, 과기대공지
해양융합공학과 공지보여줘, 과기대공지
해양융합공학과 공지좀 알려주세요, 과기대공지
해양융합공학과 공지가 뭐야, 과기대공지
해양융합공학과공지뭐야, 과기대공지
해양융합공학과공지 뭐야, 과기대공지
해양융합공학과 공지가 어떻게 돼, 과기대공지
해양융합공학과 공지는 어떻게 되니, 과기대공지
해양융합공학과 공지가 뭘까, 과기대공지
하냥아 해양융합공학과 공지뭐야, 과기대공지
해양융합공학과공지가 궁금해, 과기대공지
해양과, 과기대공지
해양과 공지, 과기대공지
하냥아 해양과 공지 알려줘, 과기대공지
하냥아 해양과 공지 알려줄래, 과기대공지
해양과 공지가 알고싶어, 과기대공지
해양과 공지알려줘, 과기대공지
해양과 공지보여줘, 과기대공지
해양과 공지좀 알려주세요, 과기대공지
해양과 공지가 뭐야, 과기대공지
해양과공지뭐야, 과기대공지
해양과공지 뭐야, 과기대공지
해양과 공지가 어떻게 돼, 과기대공지
해양과 공지는 어떻게 되니, 과기대공지
해양과 공지가 뭘까, 과기대공지
하냥아 해양과 공지뭐야, 과기대공지
해양과공지가 궁금해, 과기대공지
해양공 공지, 과기대공지
하냥아 해양공 공지 알려줘, 과기대공지
하냥아 해양공 공지 알려줄래, 과기대공지
해양공 공지가 알고싶어, 과기대공지
해양공 공지알려줘, 과기대공지
해양공 공지보여줘, 과기대공지
해양공 공지좀 알려주세요, 과기대공지
해양공 공지가 뭐야, 과기대공지
해양공공지뭐야, 과기대공지
해양공공지 뭐야, 과기대공지
해양공 공지가 어떻게 돼, 과기대공지
해양공 공지는 어떻게 되니, 과기대공지
해양공 공지가 뭘까, 과기대공지
하냥아 해양공 공지뭐야, 과기대공지
해양공공지가 궁금해, 과기대공지
해양융합공학, 과기대공지
화학분자공학과, 과기대공지
화학분자공학과 공지, 과기대공지
하냥아 화학분자공학과 공지 알려줘, 과기대공지
하냥아 화학분자공학과 공지 알려줄래, 과기대공지
화학분자공학과 공지가 알고싶어, 과기대공지
화학분자공학과 공지알려줘, 과기대공지
화학분자공학과 공지보여줘, 과기대공지
화학분자공학과 공지좀 알려주세요, 과기대공지
화학분자공학과 공지가 뭐야, 과기대공지
화학분자공학과공지뭐야, 과기대공지
화학분자공학과공지 뭐야, 과기대공지
화학분자공학과 공지가 어떻게 돼, 과기대공지
화학분자공학과 공지는 어떻게 되니, 과기대공지
화학분자공학과 공지가 뭘까, 과기대공지
하냥아 화학분자공학과 공지뭐야, 과기대공지
화학분자공학과공지가 궁금해, 과기대공지
화분공, 과기대공지
화분공 공지, 과기대공지
하냥아 화분공 공지 알려줘, 과기대공지
하냥아 화분공 공지 알려줄래, 과기대공지
화분공 공지가 알고싶어, 과기대공지
화분공 공지알려줘, 과기대공지
화분공 공지보여줘, 과기대공지
화분공 공지좀 알려주세요, 과기대공지
화분공 공지가 뭐야, 과기대공지
화분공공지뭐야, 과기대공지
화분공공지 뭐야, 과기대공지
화분공 공지가 어떻게 돼, 과기대공지
화분공 공지는 어떻게 되니, 과기대공지
화분공 공지가 뭘까, 과기대공지
하냥아 화분공 공지뭐야, 과기대공지
화분공 공지가 궁금해, 과기대공지
화분공학, 과기대공지
화분공학 공지, 과기대공지
하냥아 화분공학 공지 알려줘, 과기대공지
하냥아 화분공학 공지 알려줄래, 과기대공지
화분공학 공지가 알고싶어, 과기대공지
화분공학 공지알려줘, 과기대공지
화분공학 공지보여줘, 과기대공지
화분공학 공지좀 알려주세요, 과기대공지
화분공학 공지가 뭐야, 과기대공지
화분공학공지뭐야, 과기대공지
화분공학공지 뭐야, 과기대공지
화분공학 공지가 어떻게 돼, 과기대공지
화분공학 공지는 어떻게 되니, 과기대공지
화분공학 공지가 뭘까, 과기대공지
하냥아 화분공학 공지뭐야, 과기대공지
화분공학공지가 궁금해, 과기대공지
약대, 약학대공지
약대 공지, 약학대공지
하냥아 약대 공지 알려줘, 약학대공지
하냥아 약대 공지 알려줄래, 약학대공지
약대 공지가 알고싶어, 약학대공지
약대 공지알려줘, 약학대공지
약대 공지보여줘, 약학대공지
약대 공지좀 알려주세요, 약학대공지
약대 공지가 뭐야, 약학대공지
약대공지뭐야, 약학대공지
약대공지 뭐야, 약학대공지
약대 공지가 어떻게 돼, 약학대공지
약대 공지는 어떻게 되니, 약학대공지
약대 공지가 뭘까, 약학대공지
하냥아 약대 공지뭐야, 약학대공지
약대공지가 궁금해, 약학대공지
약학대학 공지, 약학대공지
하냥아 약학대학 공지 알려줘, 약학대공지
하냥아 약학대학 공지 알려줄래, 약학대공지
약학대학 공지가 알고싶어, 약학대공지
약학대학 공지알려줘, 약학대공지
약학대학 공지보여줘, 약학대공지
약학대학 공지좀 알려주세요, 약학대공지
약학대학 공지가 뭐야, 약학대공지
약학대학공지뭐야, 약학대공지
약학대학공지 뭐야, 약학대공지
약학대학 공지가 어떻게 돼, 약학대공지
약학대학 공지는 어떻게 되니, 약학대공지
약학대학 공지가 뭘까, 약학대공지
하냥아 약학대학 공지뭐야, 약학대공지
약학대학공지가 궁금해, 약학대공지
약학대학, 약학대공지
약학대, 약학대공지
약학대 공지, 약학대공지
하냥아 약학대 공지 알려줘, 약학대공지
하냥아 약학대 공지 알려줄래, 약학대공지
약학대 공지가 알고싶어, 약학대공지
약학대 공지알려줘, 약학대공지
약학대 공지보여줘, 약학대공지
약학대 공지좀 알려주세요, 약학대공지
약학대 공지가 뭐야, 약학대공지
약학대공지뭐야, 약학대공지
약학대공지 뭐야, 약학대공지
약학대 공지가 어떻게 돼, 약학대공지
약학대 공지는 어떻게 되니, 약학대공지
약학대 공지가 뭘까, 약학대공지
하냥아 약학대 공지뭐야, 약학대공지
약학대공지가 궁금해, 약학대공지
약학과, 약학대공지
약학과 공지, 약학대공지
하냥아 약학과 공지 알려줘, 약학대공지
하냥아 약학과 공지 알려줄래, 약학대공지
약학과 공지가 알고싶어, 약학대공지
약학과 공지알려줘, 약학대공지
약학과 공지보여줘, 약학대공지
약학과 공지좀 알려주세요, 약학대공지
약학과 공지가 뭐야, 약학대공지
약학과공지뭐야, 약학대공지
약학과공지 뭐야, 약학대공지
약학과 공지가 어떻게 돼, 약학대공지
약학과 공지는 어떻게 되니, 약학대공지
약학과 공지가 뭘까, 약학대공지
하냥아 약학과 공지뭐야, 약학대공지
약학과공지가 궁금해, 약학대공지
경상대, 경상대공지
경상대 공지, 경상대공지
하냥아 경상대 공지 알려줘, 경상대공지
하냥아 경상대 공지 알려줄래, 경상대공지
경상대 공지가 알고싶어, 경상대공지
경상대 공지알려줘, 경상대공지
경상대 공지보여줘, 경상대공지
경상대 공지좀 알려주세요, 경상대공지
경상대 공지가 뭐야, 경상대공지
경상대공지뭐야, 경상대공지
경상대공지 뭐야, 경상대공지
경상대 공지가 어떻게 돼, 경상대공지
경상대 공지는 어떻게 되니, 경상대공지
경상대 공지가 뭘까, 경상대공지
하냥아 경상대 공지뭐야, 경상대공지
경상대공지가 궁금해, 경상대공지
경상대학 공지, 경상대공지
하냥아 경상대학 공지 알려줘, 경상대공지
하냥아 경상대학 공지 알려줄래, 경상대공지
경상대학 공지가 알고싶어, 경상대공지
경상대학 공지알려줘, 경상대공지
경상대학 공지보여줘, 경상대공지
경상대학 공지좀 알려주세요, 경상대공지
경상대학 공지가 뭐야, 경상대공지
경상대학공지뭐야, 경상대공지
경상대학공지 뭐야, 경상대공지
경상대학 공지가 어떻게 돼, 경상대공지
경상대학 공지는 어떻게 되니, 경상대공지
경상대학 공지가 뭘까, 경상대공지
하냥아 경상대학 공지뭐야, 경상대공지
경상대학공지가 궁금해, 경상대공지
경상대학, 경상대공지
경영학부 공지, 경상대공지
하냥아 경영학부 공지 알려줘, 경상대공지
하냥아 경영학부 공지 알려줄래, 경상대공지
경영학부 공지가 알고싶어, 경상대공지
경영학부 공지알려줘, 경상대공지
경영학부 공지보여줘, 경상대공지
경영학부 공지좀 알려주세요, 경상대공지
경영학부 공지가 뭐야, 경상대공지
경영학부공지뭐야, 경상대공지
경영학부공지 뭐야, 경상대공지
경영학부 공지가 어떻게 돼, 경상대공지
경영학부 공지는 어떻게 되니, 경상대공지
경영학부 공지가 뭘까, 경상대공지
하냥아 경영학부 공지뭐야, 경상대공지
경영학부공지가 궁금해, 경상대공지
경영학부, 경상대공지
경영학과, 경상대공지
경영학과 공지, 경상대공지
하냥아 경영학과 공지 알려줘, 경상대공지
하냥아 경영학과 공지 알려줄래, 경상대공지
경영학과 공지가 알고싶어, 경상대공지
경영학과 공지알려줘, 경상대공지
경영학과 공지보여줘, 경상대공지
경영학과 공지좀 알려주세요, 경상대공지
경영학과 공지가 뭐야, 경상대공지
경영학과공지뭐야, 경상대공지
경영학과공지 뭐야, 경상대공지
경영학과 공지가 어떻게 돼, 경상대공지
경영학과 공지는 어떻게 되니, 경상대공지
경영학과 공지가 뭘까, 경상대공지
하냥아 경영학과 공지뭐야, 경상대공지
경영학과공지가 궁금해, 경상대공지
경영, 경상대공지
경영 공지, 경상대공지
하냥아 경영 공지 알려줘, 경상대공지
하냥아 경영 공지 알려줄래, 경상대공지
경영 공지가 알고싶어, 경상대공지
경영 공지알려줘, 경상대공지
경영 공지보여줘, 경상대공지
경영 공지좀 알려주세요, 경상대공지
경영 공지가 뭐야, 경상대공지
경영공지뭐야, 경상대공지
경영공지 뭐야, 경상대공지
경영 공지가 어떻게 돼, 경상대공지
경영 공지는 어떻게 되니, 경상대공지
경영 공지가 뭘까, 경상대공지
하냥아 경영 공지뭐야, 경상대공지
경영공지가 궁금해, 경상대공지
경제학부, 경상대공지
경제학부 공지, 경상대공지
하냥아 경제학부 공지 알려줘, 경상대공지
하냥아 경제학부 공지 알려줄래, 경상대공지
경제학부 공지가 알고싶어, 경상대공지
경제학부 공지알려줘, 경상대공지
경제학부 공지보여줘, 경상대공지
경제학부 공지좀 알려주세요, 경상대공지
경제학부 공지가 뭐야, 경상대공지
경제학부공지뭐야, 경상대공지
경제학부공지 뭐야, 경상대공지
경제학부 공지가 어떻게 돼, 경상대공지
경제학부 공지는 어떻게 되니, 경상대공지
경제학부 공지가 뭘까, 경상대공지
하냥아 경제학부 공지뭐야, 경상대공지
경제학부공지가 궁금해, 경상대공지
경제학과, 경상대공지
경제학과 공지, 경상대공지
하냥아 경제학과 공지 알려줘, 경상대공지
하냥아 경제학과 공지 알려줄래, 경상대공지
경제학과 공지가 알고싶어, 경상대공지
경제학과 공지알려줘, 경상대공지
경제학과 공지보여줘, 경상대공지
경제학과 공지좀 알려주세요, 경상대공지
경제학과 공지가 뭐야, 경상대공지
경제학과공지뭐야, 경상대공지
경제학과공지 뭐야, 경상대공지
경제학과 공지가 어떻게 돼, 경상대공지
경제학과 공지는 어떻게 되니, 경상대공지
경제학과 공지가 뭘까, 경상대공지
하냥아 경제학과 공지뭐야, 경상대공지
경제학과공지가 궁금해, 경상대공지
경제, 경상대공지
경제 공지, 경상대공지
하냥아 경제 공지 알려줘, 경상대공지
하냥아 경제 공지 알려줄래, 경상대공지
경제 공지가 알고싶어, 경상대공지
경제 공지알려줘, 경상대공지
경제 공지보여줘, 경상대공지
경제 공지좀 알려주세요, 경상대공지
경제 공지가 뭐야, 경상대공지
경제공지뭐야, 경상대공지
경제공지 뭐야, 경상대공지
경제 공지가 어떻게 돼, 경상대공지
경제 공지는 어떻게 되니, 경상대공지
경제 공지가 뭘까, 경상대공지
하냥아 경제 공지뭐야, 경상대공지
경제공지가 궁금해, 경상대공지
보험계리학과, 경상대공지
보험계리학과 공지, 경상대공지
하냥아 보험계리학과 공지 알려줘, 경상대공지
하냥아 보험계리학과 공지 알려줄래, 경상대공지
보험계리학과 공지가 알고싶어, 경상대공지
보험계리학과 공지알려줘, 경상대공지
보험계리학과 공지보여줘, 경상대공지
보험계리학과 공지좀 알려주세요, 경상대공지
보험계리학과 공지가 뭐야, 경상대공지
보험계리학과공지뭐야, 경상대공지
보험계리학과공지 뭐야, 경상대공지
보험계리학과 공지가 어떻게 돼, 경상대공지
보험계리학과 공지는 어떻게 되니, 경상대공지
보험계리학과 공지가 뭘까, 경상대공지
하냥아 보험계리학과 공지뭐야, 경상대공지
보험계리학과공지가 궁금해, 경상대공지
보험계리, 경상대공지
보험계리 공지, 경상대공지
하냥아 보험계리 공지 알려줘, 경상대공지
하냥아 보험계리 공지 알려줄래, 경상대공지
보험계리 공지가 알고싶어, 경상대공지
보험계리 공지알려줘, 경상대공지
보험계리 공지보여줘, 경상대공지
보험계리 공지좀 알려주세요, 경상대공지
보험계리 공지가 뭐야, 경상대공지
보험계리공지뭐야, 경상대공지
보험계리공지 뭐야, 경상대공지
보험계리 공지가 어떻게 돼, 경상대공지
보험계리 공지는 어떻게 되니, 경상대공지
보험계리 공지가 뭘까, 경상대공지
하냥아 보험계리 공지뭐야, 경상대공지
보험계리공지가 궁금해, 경상대공지
보계학과, 경상대공지
보계학과 공지, 경상대공지
하냥아 보계학과 공지 알려줘, 경상대공지
하냥아 보계학과 공지 알려줄래, 경상대공지
보계학과 공지가 알고싶어, 경상대공지
보계학과 공지알려줘, 경상대공지
보계학과 공지보여줘, 경상대공지
보계학과 공지좀 알려주세요, 경상대공지
보계학과 공지가 뭐야, 경상대공지
보계학과공지뭐야, 경상대공지
보계학과공지 뭐야, 경상대공지
보계학과 공지가 어떻게 돼, 경상대공지
보계학과 공지는 어떻게 되니, 경상대공지
보계학과 공지가 뭘까, 경상대공지
하냥아 보계학과 공지뭐야, 경상대공지
보계학과공지가 궁금해, 경상대공지
보계, 경상대공지
보계 공지, 경상대공지
하냥아 보계 공지 알려줘, 경상대공지
하냥아 보계 공지 알려줄래, 경상대공지
보계 공지가 알고싶어, 경상대공지
보계 공지알려줘, 경상대공지
보계 공지보여줘, 경상대공지
보계 공지좀 알려주세요, 경상대공지
보계 공지가 뭐야, 경상대공지
보계공지뭐야, 경상대공지
보계공지 뭐야, 경상대공지
보계 공지가 어떻게 돼, 경상대공지
보계 공지는 어떻게 되니, 경상대공지
보계 공지가 뭘까, 경상대공지
하냥아 보계 공지뭐야, 경상대공지
보계공지가 궁금해, 경상대공지
회계세무학과, 경상대공지
회계세무학과 공지, 경상대공지
하냥아 회계세무학과 공지 알려줘, 경상대공지
하냥아 회계세무학과 공지 알려줄래, 경상대공지
회계세무학과 공지가 알고싶어, 경상대공지
회계세무학과 공지알려줘, 경상대공지
회계세무학과 공지보여줘, 경상대공지
회계세무학과 공지좀 알려주세요, 경상대공지
회계세무학과 공지가 뭐야, 경상대공지
회계세무학과공지뭐야, 경상대공지
회계세무학과공지 뭐야, 경상대공지
회계세무학과 공지가 어떻게 돼, 경상대공지
회계세무학과 공지는 어떻게 되니, 경상대공지
회계세무학과 공지가 뭘까, 경상대공지
하냥아 회계세무학과 공지뭐야, 경상대공지
회계세무학과공지가 궁금해, 경상대공지
회계, 경상대공지
회계 공지, 경상대공지
하냥아 회계 공지 알려줘, 경상대공지
하냥아 회계 공지 알려줄래, 경상대공지
회계 공지가 알고싶어, 경상대공지
회계 공지알려줘, 경상대공지
회계 공지보여줘, 경상대공지
회계 공지좀 알려주세요, 경상대공지
회계 공지가 뭐야, 경상대공지
회계공지뭐야, 경상대공지
회계공지 뭐야, 경상대공지
회계 공지가 어떻게 돼, 경상대공지
회계 공지는 어떻게 되니, 경상대공지
회계 공지가 뭘까, 경상대공지
하냥아 회계 공지뭐야, 경상대공지
회계공지가 궁금해, 경상대공지
회계학과, 경상대공지
회계학과 공지, 경상대공지
하냥아 회계학과 공지 알려줘, 경상대공지
하냥아 회계학과 공지 알려줄래, 경상대공지
회계학과 공지가 알고싶어, 경상대공지
회계학과 공지알려줘, 경상대공지
회계학과 공지보여줘, 경상대공지
회계학과 공지좀 알려주세요, 경상대공지
회계학과 공지가 뭐야, 경상대공지
회계학과공지뭐야, 경상대공지
회계학과공지 뭐야, 경상대공지
회계학과 공지가 어떻게 돼, 경상대공지
회계학과 공지는 어떻게 되니, 경상대공지
회계학과 공지가 뭘까, 경상대공지
하냥아 회계학과 공지뭐야, 경상대공지
회계학과공지가 궁금해, 경상대공지
세무, 경상대공지
세무 공지, 경상대공지
하냥아 세무 공지 알려줘, 경상대공지
하냥아 세무 공지 알려줄래, 경상대공지
세무 공지가 알고싶어, 경상대공지
세무 공지알려줘, 경상대공지
세무 공지보여줘, 경상대공지
세무 공지좀 알려주세요, 경상대공지
세무 공지가 뭐야, 경상대공지
세무공지뭐야, 경상대공지
세무공지 뭐야, 경상대공지
세무 공지가 어떻게 돼, 경상대공지
세무 공지는 어떻게 되니, 경상대공지
세무 공지가 뭘까, 경상대공지
하냥아 세무 공지뭐야, 경상대공지
세무공지가 궁금해, 경상대공지
세무학과, 경상대공지
세무학과 공지, 경상대공지
하냥아 세무학과 공지 알려줘, 경상대공지
하냥아 세무학과 공지 알려줄래, 경상대공지
세무학과 공지가 알고싶어, 경상대공지
세무학과 공지알려줘, 경상대공지
세무학과 공지보여줘, 경상대공지
세무학과 공지좀 알려주세요, 경상대공지
세무학과 공지가 뭐야, 경상대공지
세무학과공지뭐야, 경상대공지
세무학과공지 뭐야, 경상대공지
세무학과 공지가 어떻게 돼, 경상대공지
세무학과 공지는 어떻게 되니, 경상대공지
세무학과 공지가 뭘까, 경상대공지
하냥아 세무학과 공지뭐야, 경상대공지
세무학과공지가 궁금해, 경상대공지
회계세무, 경상대공지
회계세무 공지, 경상대공지
하냥아 회계세무 공지 알려줘, 경상대공지
하냥아 회계세무 공지 알려줄래, 경상대공지
회계세무 공지가 알고싶어, 경상대공지
회계세무 공지알려줘, 경상대공지
회계세무 공지보여줘, 경상대공지
회계세무 공지좀 알려주세요, 경상대공지
회계세무 공지가 뭐야, 경상대공지
회계세무공지뭐야, 경상대공지
회계세무공지 뭐야, 경상대공지
회계세무 공지가 어떻게 돼, 경상대공지
회계세무 공지는 어떻게 되니, 경상대공지
회계세무 공지가 뭘까, 경상대공지
하냥아 회계세무 공지뭐야, 경상대공지
회계세무공지가 궁금해, 경상대공지
국제문화대학, 국문대공지
국제문화대학 공지, 국문대공지
하냥아 국제문화대학 공지 알려줘, 국문대공지
하냥아 국제문화대학 공지 알려줄래, 국문대공지
국제문화대학 공지가 알고싶어, 국문대공지
국제문화대학 공지알려줘, 국문대공지
국제문화대학 공지보여줘, 국문대공지
국제문화대학 공지좀 알려주세요, 국문대공지
국제문화대학 공지가 뭐야, 국문대공지
국제문화대학공지뭐야, 국문대공지
국제문화대학공지 뭐야, 국문대공지
국제문화대학 공지가 어떻게 돼, 국문대공지
국제문화대학 공지는 어떻게 되니, 국문대공지
국제문화대학 공지가 뭘까, 국문대공지
하냥아 국제문화대학 공지뭐야, 국문대공지
국제문화대학공지가 궁금해, 국문대공지
국문대, 국문대공지
국문대 공지, 국문대공지
하냥아 국문대 공지 알려줘, 국문대공지
하냥아 국문대 공지 알려줄래, 국문대공지
국문대 공지가 알고싶어, 국문대공지
국문대 공지알려줘, 국문대공지
국문대 공지보여줘, 국문대공지
국문대 공지좀 알려주세요, 국문대공지
국문대 공지가 뭐야, 국문대공지
국문대공지뭐야, 국문대공지
국문대공지 뭐야, 국문대공지
국문대 공지가 어떻게 돼, 국문대공지
국문대 공지는 어떻게 되니, 국문대공지
국문대 공지가 뭘까, 국문대공지
하냥아 국문대 공지뭐야, 국문대공지
국문대공지가 궁금해, 국문대공지
문화인류학과, 국문대공지
문화인류학과 공지, 국문대공지
하냥아 문화인류학과 공지 알려줘, 국문대공지
하냥아 문화인류학과 공지 알려줄래, 국문대공지
문화인류학과 공지가 알고싶어, 국문대공지
문화인류학과 공지알려줘, 국문대공지
문화인류학과 공지보여줘, 국문대공지
문화인류학과 공지좀 알려주세요, 국문대공지
문화인류학과 공지가 뭐야, 국문대공지
문화인류학과공지뭐야, 국문대공지
문화인류학과공지 뭐야, 국문대공지
문화인류학과 공지가 어떻게 돼, 국문대공지
문화인류학과 공지는 어떻게 되니, 국문대공지
문화인류학과 공지가 뭘까, 국문대공지
하냥아 문화인류학과 공지뭐야, 국문대공지
문화인류학과공지가 궁금해, 국문대공지
문화인류, 국문대공지
문화인류 공지, 국문대공지
하냥아 문화인류 공지 알려줘, 국문대공지
하냥아 문화인류 공지 알려줄래, 국문대공지
문화인류 공지가 알고싶어, 국문대공지
문화인류 공지알려줘, 국문대공지
문화인류 공지보여줘, 국문대공지
문화인류 공지좀 알려주세요, 국문대공지
문화인류 공지가 뭐야, 국문대공지
문화인류공지 뭐야, 국문대공지
문화인류 공지가 어떻게 돼, 국문대공지
문화인류 공지는 어떻게 되니, 국문대공지
문화인류 공지가 뭘까, 국문대공지
하냥아 문화인류 공지뭐야, 국문대공지
문화인류공지가 궁금해, 국문대공지
문화인류학부, 국문대공지
문화인류학부 공지, 국문대공지
하냥아 문화인류학부 공지 알려줘, 국문대공지
하냥아 문화인류학부 공지 알려줄래, 국문대공지
문화인류학부 공지가 알고싶어, 국문대공지
문화인류학부 공지알려줘, 국문대공지
문화인류학부 공지보여줘, 국문대공지
문화인류학부 공지좀 알려주세요, 국문대공지
문화인류학부 공지가 뭐야, 국문대공지
문화인류학부학과공지뭐야, 국문대공지
문화인류학부공지 뭐야, 국문대공지
문화인류학부 공지가 어떻게 돼, 국문대공지
문화인류학부 공지는 어떻게 되니, 국문대공지
문화인류학부 공지가 뭘까, 국문대공지
하냥아 문화인류학부 공지뭐야, 국문대공지
문화인류학부공지가 궁금해, 국문대공지
문인, 국문대공지
문인 공지, 국문대공지
하냥아 문인 공지 알려줘, 국문대공지
하냥아 문인 공지 알려줄래, 국문대공지
문인 공지가 알고싶어, 국문대공지
문인 공지알려줘, 국문대공지
문인 공지보여줘, 국문대공지
문인 공지좀 알려주세요, 국문대공지
문인 공지가 뭐야, 국문대공지
문인학과공지뭐야, 국문대공지
문인공지 뭐야, 국문대공지
문인 공지가 어떻게 돼, 국문대공지
문인 공지는 어떻게 되니, 국문대공지
문인 공지가 뭘까, 국문대공지
하냥아 문인 공지뭐야, 국문대공지
문인공지가 궁금해, 국문대공지
문인과, 국문대공지
문인과 공지, 국문대공지
하냥아 문인과 공지 알려줘, 국문대공지
하냥아 문인과 공지 알려줄래, 국문대공지
문인과 공지가 알고싶어, 국문대공지
문인과 공지알려줘, 국문대공지
문인과 공지보여줘, 국문대공지
문인과 공지좀 알려주세요, 국문대공지
문인과 공지가 뭐야, 국문대공지
문인과학과공지뭐야, 국문대공지
문인과공지 뭐야, 국문대공지
문인과 공지가 어떻게 돼, 국문대공지
문인과 공지는 어떻게 되니, 국문대공지
문인과 공지가 뭘까, 국문대공지
하냥아 문인과 공지뭐야, 국문대공지
문인과공지가 궁금해, 국문대공지
문인학과, 국문대공지
문인학과 공지, 국문대공지
하냥아 문인학과 공지 알려줘, 국문대공지
하냥아 문인학과 공지 알려줄래, 국문대공지
문인학과 공지가 알고싶어, 국문대공지
문인학과 공지알려줘, 국문대공지
문인학과 공지보여줘, 국문대공지
문인학과 공지좀 알려주세요, 국문대공지
문인학과 공지가 뭐야, 국문대공지
문인학과학과공지뭐야, 국문대공지
문인학과공지 뭐야, 국문대공지
문인학과 공지가 어떻게 돼, 국문대공지
문인학과 공지는 어떻게 되니, 국문대공지
문인학과 공지가 뭘까, 국문대공지
하냥아 문인학과 공지뭐야, 국문대공지
문인학과공지가 궁금해, 국문대공지
문화콘텐츠학과, 국문대공지
문화콘텐츠학과 공지, 국문대공지
하냥아 문화콘텐츠학과 공지 알려줘, 국문대공지
하냥아 문화콘텐츠학과 공지 알려줄래, 국문대공지
문화콘텐츠학과 공지가 알고싶어, 국문대공지
문화콘텐츠학과 공지알려줘, 국문대공지
문화콘텐츠학과 공지보여줘, 국문대공지
문화콘텐츠학과 공지좀 알려주세요, 국문대공지
문화콘텐츠학과 공지가 뭐야, 국문대공지
문화콘텐츠학과학과공지뭐야, 국문대공지
문화콘텐츠학과공지 뭐야, 국문대공지
문화콘텐츠학과 공지가 어떻게 돼, 국문대공지
문화콘텐츠학과 공지는 어떻게 되니, 국문대공지
문화콘텐츠학과 공지가 뭘까, 국문대공지
하냥아 문화콘텐츠학과 공지뭐야, 국문대공지
문화콘텐츠학과공지가 궁금해, 국문대공지
문화콘텐츠, 국문대공지
문화콘텐츠 공지, 국문대공지
하냥아 문화콘텐츠 공지 알려줘, 국문대공지
하냥아 문화콘텐츠 공지 알려줄래, 국문대공지
문화콘텐츠 공지가 알고싶어, 국문대공지
문화콘텐츠 공지알려줘, 국문대공지
문화콘텐츠 공지보여줘, 국문대공지
문화콘텐츠 공지좀 알려주세요, 국문대공지
문화콘텐츠 공지가 뭐야, 국문대공지
문화콘텐츠학과공지뭐야, 국문대공지
문화콘텐츠공지 뭐야, 국문대공지
문화콘텐츠 공지가 어떻게 돼, 국문대공지
문화콘텐츠 공지는 어떻게 되니, 국문대공지
문화콘텐츠 공지가 뭘까, 국문대공지
하냥아 문화콘텐츠 공지뭐야, 국문대공지
문화콘텐츠공지가 궁금해, 국문대공지
문콘과, 국문대공지
문콘과 공지, 국문대공지
하냥아 문콘과 공지 알려줘, 국문대공지
하냥아 문콘과 공지 알려줄래, 국문대공지
문콘과 공지가 알고싶어, 국문대공지
문콘과 공지알려줘, 국문대공지
문콘과 공지보여줘, 국문대공지
문콘과 공지좀 알려주세요, 국문대공지
문콘과 공지가 뭐야, 국문대공지
문콘과학과공지뭐야, 국문대공지
문콘과공지 뭐야, 국문대공지
문콘과 공지가 어떻게 돼, 국문대공지
문콘과 공지는 어떻게 되니, 국문대공지
문콘과 공지가 뭘까, 국문대공지
하냥아 문콘과 공지뭐야, 국문대공지
문콘과공지가 궁금해, 국문대공지
문콘, 국문대공지
문콘 공지, 국문대공지
하냥아 문콘 공지 알려줘, 국문대공지
하냥아 문콘 공지 알려줄래, 국문대공지
문콘 공지가 알고싶어, 국문대공지
문콘 공지알려줘, 국문대공지
문콘 공지보여줘, 국문대공지
문콘 공지좀 알려주세요, 국문대공지
문콘 공지가 뭐야, 국문대공지
문콘학과공지뭐야, 국문대공지
문콘공지 뭐야, 국문대공지
문콘 공지가 어떻게 돼, 국문대공지
문콘 공지는 어떻게 되니, 국문대공지
문콘 공지가 뭘까, 국문대공지
하냥아 문콘 공지뭐야, 국문대공지
문콘공지가 궁금해, 국문대공지
영미언어문화학과, 국문대공지
영미언어문화학과 공지, 국문대공지
하냥아 영미언어문화학과 공지 알려줘, 국문대공지
하냥아 영미언어문화학과 공지 알려줄래, 국문대공지
영미언어문화학과 공지가 알고싶어, 국문대공지
영미언어문화학과 공지알려줘, 국문대공지
영미언어문화학과 공지보여줘, 국문대공지
영미언어문화학과 공지좀 알려주세요, 국문대공지
영미언어문화학과 공지가 뭐야, 국문대공지
영미언어문화학과학과공지뭐야, 국문대공지
영미언어문화학과공지 뭐야, 국문대공지
영미언어문화학과 공지가 어떻게 돼, 국문대공지
영미언어문화학과 공지는 어떻게 되니, 국문대공지
영미언어문화학과 공지가 뭘까, 국문대공지
하냥아 영미언어문화학과 공지뭐야, 국문대공지
영미언어문화학과공지가 궁금해, 국문대공지
영미언어문화과, 국문대공지
영미언어문화과 공지, 국문대공지
하냥아 영미언어문화과 공지 알려줘, 국문대공지
하냥아 영미언어문화과 공지 알려줄래, 국문대공지
영미언어문화과 공지가 알고싶어, 국문대공지
영미언어문화과 공지알려줘, 국문대공지
영미언어문화과 공지보여줘, 국문대공지
영미언어문화과 공지좀 알려주세요, 국문대공지
영미언어문화과 공지가 뭐야, 국문대공지
영미언어문화과학과공지뭐야, 국문대공지
영미언어문화과공지 뭐야, 국문대공지
영미언어문화과 공지가 어떻게 돼, 국문대공지
영미언어문화과 공지는 어떻게 되니, 국문대공지
영미언어문화과 공지가 뭘까, 국문대공지
하냥아 영미언어문화과 공지뭐야, 국문대공지
영미언어문화과공지가 궁금해, 국문대공지
영미언어과, 국문대공지
영미언어과 공지, 국문대공지
하냥아 영미언어과 공지 알려줘, 국문대공지
하냥아 영미언어과 공지 알려줄래, 국문대공지
영미언어과 공지가 알고싶어, 국문대공지
영미언어과 공지알려줘, 국문대공지
영미언어과 공지보여줘, 국문대공지
영미언어과 공지좀 알려주세요, 국문대공지
영미언어과 공지가 뭐야, 국문대공지
영미언어과학과공지뭐야, 국문대공지
영미언어과공지 뭐야, 국문대공지
영미언어과 공지가 어떻게 돼, 국문대공지
영미언어과 공지는 어떻게 되니, 국문대공지
영미언어과 공지가 뭘까, 국문대공지
하냥아 영미언어과 공지뭐야, 국문대공지
영미언어과공지가 궁금해, 국문대공지
영어과, 국문대공지
영어과 공지, 국문대공지
하냥아 영어과 공지 알려줘, 국문대공지
하냥아 영어과 공지 알려줄래, 국문대공지
영어과 공지가 알고싶어, 국문대공지
영어과 공지알려줘, 국문대공지
영어과 공지보여줘, 국문대공지
영어과 공지좀 알려주세요, 국문대공지
영어과 공지가 뭐야, 국문대공지
영어과학과공지뭐야, 국문대공지
영어과공지 뭐야, 국문대공지
영어과 공지가 어떻게 돼, 국문대공지
영어과 공지는 어떻게 되니, 국문대공지
영어과 공지가 뭘까, 국문대공지
하냥아 영어과 공지뭐야, 국문대공지
영어과공지가 궁금해, 국문대공지
영문학과, 국문대공지
영문학과 공지, 국문대공지
하냥아 영문학과 공지 알려줘, 국문대공지
하냥아 영문학과 공지 알려줄래, 국문대공지
영문학과 공지가 알고싶어, 국문대공지
영문학과 공지알려줘, 국문대공지
영문학과 공지보여줘, 국문대공지
영문학과 공지좀 알려주세요, 국문대공지
영문학과 공지가 뭐야, 국문대공지
영문학과학과공지뭐야, 국문대공지
영문학과공지 뭐야, 국문대공지
영문학과 공지가 어떻게 돼, 국문대공지
영문학과 공지는 어떻게 되니, 국문대공지
영문학과 공지가 뭘까, 국문대공지
하냥아 영문학과 공지뭐야, 국문대공지
영문학과공지가 궁금해, 국문대공지
일본학과, 국문대공지
일본학과 공지, 국문대공지
하냥아 일본학과 공지 알려줘, 국문대공지
하냥아 일본학과 공지 알려줄래, 국문대공지
일본학과 공지가 알고싶어, 국문대공지
일본학과 공지알려줘, 국문대공지
일본학과 공지보여줘, 국문대공지
일본학과 공지좀 알려주세요, 국문대공지
일본학과 공지가 뭐야, 국문대공지
일본학과학과공지뭐야, 국문대공지
일본학과공지 뭐야, 국문대공지
일본학과 공지가 어떻게 돼, 국문대공지
일본학과 공지는 어떻게 되니, 국문대공지
일본학과 공지가 뭘까, 국문대공지
하냥아 일본학과 공지뭐야, 국문대공지
일본학과공지가 궁금해, 국문대공지
일본 공지, 국문대공지
하냥아 일본 공지 알려줘, 국문대공지
하냥아 일본 공지 알려줄래, 국문대공지
일본 공지가 알고싶어, 국문대공지
일본 공지알려줘, 국문대공지
일본 공지보여줘, 국문대공지
일본 공지좀 알려주세요, 국문대공지
일본 공지가 뭐야, 국문대공지
일본학과공지뭐야, 국문대공지
일본공지 뭐야, 국문대공지
일본 공지가 어떻게 돼, 국문대공지
일본 공지는 어떻게 되니, 국문대공지
일본 공지가 뭘까, 국문대공지
하냥아 일본 공지뭐야, 국문대공지
일본공지가 궁금해, 국문대공지
중국학과, 국문대공지
중국학과 공지, 국문대공지
하냥아 중국학과 공지 알려줘, 국문대공지
하냥아 중국학과 공지 알려줄래, 국문대공지
중국학과 공지가 알고싶어, 국문대공지
중국학과 공지알려줘, 국문대공지
중국학과 공지보여줘, 국문대공지
중국학과 공지좀 알려주세요, 국문대공지
중국학과 공지가 뭐야, 국문대공지
중국학과학과공지뭐야, 국문대공지
중국학과공지 뭐야, 국문대공지
중국학과 공지가 어떻게 돼, 국문대공지
중국학과 공지는 어떻게 되니, 국문대공지
중국학과 공지가 뭘까, 국문대공지
하냥아 중국학과 공지뭐야, 국문대공지
중국학과공지가 궁금해, 국문대공지
중국, 국문대공지
중국 공지, 국문대공지
하냥아 중국 공지 알려줘, 국문대공지
하냥아 중국 공지 알려줄래, 국문대공지
중국 공지가 알고싶어, 국문대공지
중국 공지알려줘, 국문대공지
중국 공지보여줘, 국문대공지
중국 공지좀 알려주세요, 국문대공지
중국 공지가 뭐야, 국문대공지
중국학과공지뭐야, 국문대공지
중국공지 뭐야, 국문대공지
중국 공지가 어떻게 돼, 국문대공지
중국 공지는 어떻게 되니, 국문대공지
중국 공지가 뭘까, 국문대공지
하냥아 중국 공지뭐야, 국문대공지
중국공지가 궁금해, 국문대공지
프랑스학과, 국문대공지
프랑스학과 공지, 국문대공지
하냥아 프랑스학과 공지 알려줘, 국문대공지
하냥아 프랑스학과 공지 알려줄래, 국문대공지
프랑스학과 공지가 알고싶어, 국문대공지
프랑스학과 공지알려줘, 국문대공지
프랑스학과 공지보여줘, 국문대공지
프랑스학과 공지좀 알려주세요, 국문대공지
프랑스학과 공지가 뭐야, 국문대공지
프랑스학과학과공지뭐야, 국문대공지
프랑스학과공지 뭐야, 국문대공지
프랑스학과 공지가 어떻게 돼, 국문대공지
프랑스학과 공지는 어떻게 되니, 국문대공지
프랑스학과 공지가 뭘까, 국문대공지
하냥아 프랑스학과 공지뭐야, 국문대공지
프랑스학과공지가 궁금해, 국문대공지
프랑스, 국문대공지
프랑스 공지, 국문대공지
하냥아 프랑스 공지 알려줘, 국문대공지
하냥아 프랑스 공지 알려줄래, 국문대공지
프랑스 공지가 알고싶어, 국문대공지
프랑스 공지알려줘, 국문대공지
프랑스 공지보여줘, 국문대공지
프랑스 공지좀 알려주세요, 국문대공지
프랑스 공지가 뭐야, 국문대공지
프랑스학과공지뭐야, 국문대공지
프랑스공지 뭐야, 국문대공지
프랑스 공지가 어떻게 돼, 국문대공지
프랑스 공지는 어떻게 되니, 국문대공지
프랑스 공지가 뭘까, 국문대공지
하냥아 프랑스 공지뭐야, 국문대공지
프랑스공지가 궁금해, 국문대공지
한국언어문학과, 국문대공지
한국언어문학과 공지, 국문대공지
하냥아 한국언어문학과 공지 알려줘, 국문대공지
하냥아 한국언어문학과 공지 알려줄래, 국문대공지
한국언어문학과 공지가 알고싶어, 국문대공지
한국언어문학과 공지알려줘, 국문대공지
한국언어문학과 공지보여줘, 국문대공지
한국언어문학과 공지좀 알려주세요, 국문대공지
한국언어문학과 공지가 뭐야, 국문대공지
한국언어문학과학과공지뭐야, 국문대공지
한국언어문학과공지 뭐야, 국문대공지
한국언어문학과 공지가 어떻게 돼, 국문대공지
한국언어문학과 공지는 어떻게 되니, 국문대공지
한국언어문학과 공지가 뭘까, 국문대공지
하냥아 한국언어문학과 공지뭐야, 국문대공지
한국언어문학과공지가 궁금해, 국문대공지
한국언어과, 국문대공지
한국언어과 공지, 국문대공지
하냥아 한국언어과 공지 알려줘, 국문대공지
하냥아 한국언어과 공지 알려줄래, 국문대공지
한국언어과 공지가 알고싶어, 국문대공지
한국언어과 공지알려줘, 국문대공지
한국언어과 공지보여줘, 국문대공지
한국언어과 공지좀 알려주세요, 국문대공지
한국언어과 공지가 뭐야, 국문대공지
한국언어과학과공지뭐야, 국문대공지
한국언어과공지 뭐야, 국문대공지
한국언어과 공지가 어떻게 돼, 국문대공지
한국언어과 공지는 어떻게 되니, 국문대공지
한국언어과 공지가 뭘까, 국문대공지
하냥아 한국언어과 공지뭐야, 국문대공지
한국언어과공지가 궁금해, 국문대공지
한문학과, 국문대공지
한문학과 공지, 국문대공지
하냥아 한문학과 공지 알려줘, 국문대공지
하냥아 한문학과 공지 알려줄래, 국문대공지
한문학과 공지가 알고싶어, 국문대공지
한문학과 공지알려줘, 국문대공지
한문학과 공지보여줘, 국문대공지
한문학과 공지좀 알려주세요, 국문대공지
한문학과 공지가 뭐야, 국문대공지
한문학과학과공지뭐야, 국문대공지
한문학과공지 뭐야, 국문대공지
한문학과 공지가 어떻게 돼, 국문대공지
한문학과 공지는 어떻게 되니, 국문대공지
한문학과 공지가 뭘까, 국문대공지
하냥아 한문학과 공지뭐야, 국문대공지
한문학과공지가 궁금해, 국문대공지
한문과, 국문대공지
한문과 공지, 국문대공지
하냥아 한문과 공지 알려줘, 국문대공지
하냥아 한문과 공지 알려줄래, 국문대공지
한문과 공지가 알고싶어, 국문대공지
한문과 공지알려줘, 국문대공지
한문과 공지보여줘, 국문대공지
한문과 공지좀 알려주세요, 국문대공지
한문과 공지가 뭐야, 국문대공지
한문과학과공지뭐야, 국문대공지
한문과공지 뭐야, 국문대공지
한문과 공지가 어떻게 돼, 국문대공지
한문과 공지는 어떻게 되니, 국문대공지
한문과 공지가 뭘까, 국문대공지
하냥아 한문과 공지뭐야, 국문대공지
한문과공지가 궁금해, 국문대공지
디자인대학, 디자인대공지
디자인대학 공지, 디자인대공지
하냥아 디자인대학 공지 알려줘, 디자인대공지
하냥아 디자인대학 공지 알려줄래, 디자인대공지
디자인대학 공지가 알고싶어, 디자인대공지
디자인대학 공지알려줘, 디자인대공지
디자인대학 공지보여줘, 디자인대공지
디자인대학 공지좀 알려주세요, 디자인대공지
디자인대학 공지가 뭐야, 디자인대공지
디자인대학학과공지뭐야, 디자인대공지
디자인대학공지 뭐야, 디자인대공지
디자인대학 공지가 어떻게 돼, 디자인대공지
디자인대학 공지는 어떻게 되니, 디자인대공지
디자인대학 공지가 뭘까, 디자인대공지
하냥아 디자인대학 공지뭐야, 디자인대공지
디자인대학공지가 궁금해, 디자인대공지
디자인대, 디자인대공지
디자인대 공지, 디자인대공지
하냥아 디자인대 공지 알려줘, 디자인대공지
하냥아 디자인대 공지 알려줄래, 디자인대공지
디자인대 공지가 알고싶어, 디자인대공지
디자인대 공지알려줘, 디자인대공지
디자인대 공지보여줘, 디자인대공지
디자인대 공지좀 알려주세요, 디자인대공지
디자인대 공지가 뭐야, 디자인대공지
디자인대학과공지뭐야, 디자인대공지
디자인대공지 뭐야, 디자인대공지
디자인대 공지가 어떻게 돼, 디자인대공지
디자인대 공지는 어떻게 되니, 디자인대공지
디자인대 공지가 뭘까, 디자인대공지
하냥아 디자인대 공지뭐야, 디자인대공지
디자인대공지가 궁금해, 디자인대공지
디대, 디자인대공지
디대 공지, 디자인대공지
하냥아 디대 공지 알려줘, 디자인대공지
하냥아 디대 공지 알려줄래, 디자인대공지
디대 공지가 알고싶어, 디자인대공지
디대 공지알려줘, 디자인대공지
디대 공지보여줘, 디자인대공지
디대 공지좀 알려주세요, 디자인대공지
디대 공지가 뭐야, 디자인대공지
디대공지뭐야, 디자인대공지
디대공지 뭐야, 디자인대공지
디대 공지가 어떻게 돼, 디자인대공지
디대 공지는 어떻게 되니, 디자인대공지
디대 공지가 뭘까, 디자인대공지
하냥아 디대 공지뭐야, 디자인대공지
디대공지가 궁금해, 디자인대공지
산업디자인학과, 디자인대공지
산업디자인학과 공지, 디자인대공지
하냥아 산업디자인학과 공지 알려줘, 디자인대공지
하냥아 산업디자인학과 공지 알려줄래, 디자인대공지
산업디자인학과 공지가 알고싶어, 디자인대공지
산업디자인학과 공지알려줘, 디자인대공지
산업디자인학과 공지보여줘, 디자인대공지
산업디자인학과 공지좀 알려주세요, 디자인대공지
산업디자인학과 공지가 뭐야, 디자인대공지
산업디자인학과공지뭐야, 디자인대공지
산업디자인학과공지 뭐야, 디자인대공지
산업디자인학과 공지가 어떻게 돼, 디자인대공지
산업디자인학과 공지는 어떻게 되니, 디자인대공지
산업디자인학과 공지가 뭘까, 디자인대공지
하냥아 산업디자인학과 공지뭐야, 디자인대공지
산업디자인학과공지가 궁금해, 디자인대공지
산업디자인, 디자인대공지
산업디자인 공지, 디자인대공지
하냥아 산업디자인 공지 알려줘, 디자인대공지
하냥아 산업디자인 공지 알려줄래, 디자인대공지
산업디자인 공지가 알고싶어, 디자인대공지
산업디자인 공지알려줘, 디자인대공지
산업디자인 공지보여줘, 디자인대공지
산업디자인 공지좀 알려주세요, 디자인대공지
산업디자인 공지가 뭐야, 디자인대공지
산업디자인공지뭐야, 디자인대공지
산업디자인공지 뭐야, 디자인대공지
산업디자인 공지가 어떻게 돼, 디자인대공지
산업디자인 공지는 어떻게 되니, 디자인대공지
산업디자인 공지가 뭘까, 디자인대공지
하냥아 산업디자인 공지뭐야, 디자인대공지
산업디자인공지가 궁금해, 디자인대공지
산업디자인과, 디자인대공지
산업디자인과 공지, 디자인대공지
하냥아 산업디자인과 공지 알려줘, 디자인대공지
하냥아 산업디자인과 공지 알려줄래, 디자인대공지
산업디자인과 공지가 알고싶어, 디자인대공지
산업디자인과 공지알려줘, 디자인대공지
산업디자인과 공지보여줘, 디자인대공지
산업디자인과 공지좀 알려주세요, 디자인대공지
산업디자인과 공지가 뭐야, 디자인대공지
산업디자인과공지뭐야, 디자인대공지
산업디자인과공지 뭐야, 디자인대공지
산업디자인과 공지가 어떻게 돼, 디자인대공지
산업디자인과 공지는 어떻게 되니, 디자인대공지
산업디자인과 공지가 뭘까, 디자인대공지
하냥아 산업디자인과 공지뭐야, 디자인대공지
산업디자인과공지가 궁금해, 디자인대공지
산디과, 디자인대공지
산디과 공지, 디자인대공지
하냥아 산디과 공지 알려줘, 디자인대공지
하냥아 산디과 공지 알려줄래, 디자인대공지
산디과 공지가 알고싶어, 디자인대공지
산디과 공지알려줘, 디자인대공지
산디과 공지보여줘, 디자인대공지
산디과 공지좀 알려주세요, 디자인대공지
산디과 공지가 뭐야, 디자인대공지
산디과공지뭐야, 디자인대공지
산디과공지 뭐야, 디자인대공지
산디과 공지가 어떻게 돼, 디자인대공지
산디과 공지는 어떻게 되니, 디자인대공지
산디과 공지가 뭘까, 디자인대공지
하냥아 산디과 공지뭐야, 디자인대공지
산디과공지가 궁금해, 디자인대공지
산디, 디자인대공지
산디 공지, 디자인대공지
하냥아 산디 공지 알려줘, 디자인대공지
하냥아 산디 공지 알려줄래, 디자인대공지
산디 공지가 알고싶어, 디자인대공지
산디 공지알려줘, 디자인대공지
산디 공지보여줘, 디자인대공지
산디 공지좀 알려주세요, 디자인대공지
산디 공지가 뭐야, 디자인대공지
산디공지뭐야, 디자인대공지
산디공지 뭐야, 디자인대공지
산디 공지가 어떻게 돼, 디자인대공지
산디 공지는 어떻게 되니, 디자인대공지
산디 공지가 뭘까, 디자인대공지
하냥아 산디 공지뭐야, 디자인대공지
산디공지가 궁금해, 디자인대공지
서피스인테리어디자인학과, 디자인대공지
서피스인테리어디자인학과 공지, 디자인대공지
하냥아 서피스인테리어디자인학과 공지 알려줘, 디자인대공지
하냥아 서피스인테리어디자인학과 공지 알려줄래, 디자인대공지
서피스인테리어디자인학과 공지가 알고싶어, 디자인대공지
서피스인테리어디자인학과 공지알려줘, 디자인대공지
서피스인테리어디자인학과 공지보여줘, 디자인대공지
서피스인테리어디자인학과 공지좀 알려주세요, 디자인대공지
서피스인테리어디자인학과 공지가 뭐야, 디자인대공지
서피스인테리어디자인학과공지뭐야, 디자인대공지
서피스인테리어디자인학과공지 뭐야, 디자인대공지
서피스인테리어디자인학과 공지가 어떻게 돼, 디자인대공지
서피스인테리어디자인학과 공지는 어떻게 되니, 디자인대공지
서피스인테리어디자인학과 공지가 뭘까, 디자인대공지
하냥아 서피스인테리어디자인학과 공지뭐야, 디자인대공지
서피스인테리어디자인학과공지가 궁금해, 디자인대공지
서피스인테리어과, 디자인대공지
서피스인테리어과 공지, 디자인대공지
하냥아 서피스인테리어과 공지 알려줘, 디자인대공지
하냥아 서피스인테리어과 공지 알려줄래, 디자인대공지
서피스인테리어과 공지가 알고싶어, 디자인대공지
서피스인테리어과 공지알려줘, 디자인대공지
서피스인테리어과 공지보여줘, 디자인대공지
서피스인테리어과 공지좀 알려주세요, 디자인대공지
서피스인테리어과 공지가 뭐야, 디자인대공지
서피스인테리어과공지뭐야, 디자인대공지
서피스인테리어과공지 뭐야, 디자인대공지
서피스인테리어과 공지가 어떻게 돼, 디자인대공지
서피스인테리어과 공지는 어떻게 되니, 디자인대공지
서피스인테리어과 공지가 뭘까, 디자인대공지
하냥아 서피스인테리어과 공지뭐야, 디자인대공지
서피스인테리어과공지가 궁금해, 디자인대공지
서피스디자인과, 디자인대공지
서피스디자인과 공지, 디자인대공지
하냥아 서피스디자인과 공지 알려줘, 디자인대공지
하냥아 서피스디자인과 공지 알려줄래, 디자인대공지
서피스디자인과 공지가 알고싶어, 디자인대공지
서피스디자인과 공지알려줘, 디자인대공지
서피스디자인과 공지보여줘, 디자인대공지
서피스디자인과 공지좀 알려주세요, 디자인대공지
서피스디자인과 공지가 뭐야, 디자인대공지
서피스디자인과공지뭐야, 디자인대공지
서피스디자인과공지 뭐야, 디자인대공지
서피스디자인과 공지가 어떻게 돼, 디자인대공지
서피스디자인과 공지는 어떻게 되니, 디자인대공지
서피스디자인과 공지가 뭘까, 디자인대공지
하냥아 서피스디자인과 공지뭐야, 디자인대공지
서피스디자인과공지가, 디자인대공지
인테리어디자인과, 디자인대공지
인테리어디자인과 공지, 디자인대공지
하냥아 인테리어디자인과 공지 알려줘, 디자인대공지
하냥아 인테리어디자인과 공지 알려줄래, 디자인대공지
인테리어디자인과 공지가 알고싶어, 디자인대공지
인테리어디자인과 공지알려줘, 디자인대공지
인테리어디자인과 공지보여줘, 디자인대공지
인테리어디자인과 공지좀 알려주세요, 디자인대공지
인테리어디자인과 공지가 뭐야, 디자인대공지
인테리어디자인과공지뭐야, 디자인대공지
인테리어디자인과공지 뭐야, 디자인대공지
인테리어디자인과 공지가 어떻게 돼, 디자인대공지
인테리어디자인과 공지는 어떻게 되니, 디자인대공지
인테리어디자인과 공지가 뭘까, 디자인대공지
하냥아 인테리어디자인과 공지뭐야, 디자인대공지
인테리어디자인과공지가 궁금해, 디자인대공지
엔터테인먼트디자인학과, 디자인대공지
엔터테인먼트디자인과 공지, 디자인대공지
하냥아 엔터테인먼트디자인과 공지 알려줘, 디자인대공지
하냥아 엔터테인먼트디자인과 공지 알려줄래, 디자인대공지
엔터테인먼트디자인과 공지가 알고싶어, 디자인대공지
엔터테인먼트디자인과 공지알려줘, 디자인대공지
엔터테인먼트디자인과 공지보여줘, 디자인대공지
엔터테인먼트디자인과 공지좀 알려주세요, 디자인대공지
엔터테인먼트디자인과 공지가 뭐야, 디자인대공지
엔터테인먼트디자인과공지뭐야, 디자인대공지
엔터테인먼트디자인과공지 뭐야, 디자인대공지
엔터테인먼트디자인과 공지가 어떻게 돼, 디자인대공지
엔터테인먼트디자인과 공지는 어떻게 되니, 디자인대공지
엔터테인먼트디자인과 공지가 뭘까, 디자인대공지
하냥아 엔터테인먼트디자인과 공지뭐야, 디자인대공지
엔터테인먼트디자인과공지가 궁금해, 디자인대공지
엔디과, 디자인대공지
엔디과 공지, 디자인대공지
하냥아 엔디과 공지 알려줘, 디자인대공지
하냥아 엔디과 공지 알려줄래, 디자인대공지
엔디과 공지가 알고싶어, 디자인대공지
엔디과 공지알려줘, 디자인대공지
엔디과 공지보여줘, 디자인대공지
엔디과 공지좀 알려주세요, 디자인대공지
엔디과 공지가 뭐야, 디자인대공지
엔디과공지뭐야, 디자인대공지
엔디과공지 뭐야, 디자인대공지
엔디과 공지가 어떻게 돼, 디자인대공지
엔디과 공지는 어떻게 되니, 디자인대공지
엔디과 공지가 뭘까, 디자인대공지
하냥아 엔디과 공지뭐야, 디자인대공지
엔디과공지가 궁금해, 디자인대공지
영상디자인학과, 디자인대공지
영상디자인학과 공지,
하냥아 영상디자인학과 공지 알려줘, 디자인대공지
하냥아 영상디자인학과 공지 알려줄래, 디자인대공지
영상디자인학과 공지가 알고싶어, 디자인대공지
영상디자인학과 공지알려줘, 디자인대공지
영상디자인학과 공지보여줘, 디자인대공지
영상디자인학과 공지좀 알려주세요, 디자인대공지
영상디자인학과 공지가 뭐야, 디자인대공지
영상디자인학과공지뭐야, 디자인대공지
영상디자인학과공지 뭐야, 디자인대공지
영상디자인학과 공지가 어떻게 돼, 디자인대공지
영상디자인학과 공지는 어떻게 되니, 디자인대공지
영상디자인학과 공지가 뭘까, 디자인대공지
하냥아 영상디자인학과 공지뭐야, 디자인대공지
영상디자인학과공지가 궁금해, 디자인대공지
영상디자인과, 디자인대공지
영상디자인과 공지, 디자인대공지
하냥아 영상디자인과 공지 알려줘, 디자인대공지
하냥아 영상디자인과 공지 알려줄래, 디자인대공지
영상디자인과 공지가 알고싶어, 디자인대공지
영상디자인과 공지알려줘, 디자인대공지
영상디자인과 공지보여줘, 디자인대공지
영상디자인과 공지좀 알려주세요, 디자인대공지
영상디자인과 공지가 뭐야, 디자인대공지
영상디자인과공지뭐야, 디자인대공지
영상디자인과공지 뭐야, 디자인대공지
영상디자인과 공지가 어떻게 돼, 디자인대공지
영상디자인과 공지는 어떻게 되니, 디자인대공지
영상디자인과 공지가 뭘까, 디자인대공지
하냥아 영상디자인과 공지뭐야, 디자인대공지
영상디자인과공지가 궁금해, 디자인대공지
영디과, 디자인대공지
영디과 공지, 디자인대공지
하냥아 영디과 공지 알려줘, 디자인대공지
하냥아 영디과 공지 알려줄래, 디자인대공지
영디과 공지가 알고싶어, 디자인대공지
영디과 공지알려줘, 디자인대공지
영디과 공지보여줘, 디자인대공지
영디과 공지좀 알려주세요, 디자인대공지
영디과 공지가 뭐야, 디자인대공지
영디과공지뭐야, 디자인대공지
영디과공지 뭐야, 디자인대공지
영디과 공지가 어떻게 돼, 디자인대공지
영디과 공지는 어떻게 되니, 디자인대공지
영디과 공지가 뭘까, 디자인대공지
하냥아 영디과 공지뭐야, 디자인대공지
영디과공지가 궁금해, 디자인대공지
주얼리패션디자인학과, 디자인대공지
주얼리패션디자인학과 공지, 디자인대공지
하냥아 주얼리패션디자인학과 공지 알려줘, 디자인대공지
하냥아 주얼리패션디자인학과 공지 알려줄래, 디자인대공지
주얼리패션디자인학과 공지가 알고싶어, 디자인대공지
주얼리패션디자인학과 공지알려줘, 디자인대공지
주얼리패션디자인학과 공지보여줘, 디자인대공지
주얼리패션디자인학과 공지좀 알려주세요, 디자인대공지
주얼리패션디자인학과 공지가 뭐야, 디자인대공지
주얼리패션디자인학과공지뭐야, 디자인대공지
주얼리패션디자인학과공지 뭐야, 디자인대공지
주얼리패션디자인학과 공지가 어떻게 돼, 디자인대공지
주얼리패션디자인학과 공지는 어떻게 되니, 디자인대공지
주얼리패션디자인학과 공지가 뭘까, 디자인대공지
하냥아 주얼리패션디자인학과 공지뭐야, 디자인대공지
주얼리패션디자인학과공지가 궁금해, 디자인대공지
주얼리패션디자인과 공지 알려줘, 디자인대공지
주패디과, 디자인대공지
주패디과 공지, 디자인대공지
하냥아 주패디과 공지 알려줘, 디자인대공지
하냥아 주패디과 공지 알려줄래, 디자인대공지
주패디과 공지가 알고싶어, 디자인대공지
주패디과 공지알려줘, 디자인대공지
주패디과 공지보여줘, 디자인대공지
주패디과 공지좀 알려주세요, 디자인대공지
주패디과 공지가 뭐야, 디자인대공지
주패디과공지뭐야, 디자인대공지
주패디과공지 뭐야, 디자인대공지
주패디과 공지가 어떻게 돼, 디자인대공지
주패디과 공지는 어떻게 되니, 디자인대공지
주패디과 공지가 뭘까, 디자인대공지
하냥아 주패디과 공지뭐야, 디자인대공지
주패디과공지가 궁금해, 디자인대공지
주패디 공지, 디자인대공지
하냥아 주패디 공지 알려줘, 디자인대공지
하냥아 주패디 공지 알려줄래, 디자인대공지
주패디 공지가 알고싶어, 디자인대공지
주패디 공지알려줘, 디자인대공지
주패디 공지보여줘, 디자인대공지
주패디 공지좀 알려주세요, 디자인대공지
주패디 공지가 뭐야, 디자인대공지
주패디공지뭐야, 디자인대공지
주패디공지 뭐야, 디자인대공지
주패디 공지가 어떻게 돼, 디자인대공지
주패디 공지는 어떻게 되니, 디자인대공지
주패디 공지가 뭘까, 디자인대공지
하냥아 주패디 공지뭐야, 디자인대공지
주패디공지가 궁금해, 디자인대공지
패디과, 디자인대공지
패디과 공지, 디자인대공지
하냥아 패디과 공지 알려줘, 디자인대공지
하냥아 패디과 공지 알려줄래, 디자인대공지
패디과 공지가 알고싶어, 디자인대공지
패디과 공지알려줘, 디자인대공지
패디과 공지보여줘, 디자인대공지
패디과 공지좀 알려주세요, 디자인대공지
패디과 공지가 뭐야, 디자인대공지
패디과공지뭐야, 디자인대공지
패디과공지 뭐야, 디자인대공지
패디과 공지가 어떻게 돼, 디자인대공지
패디과 공지는 어떻게 되니, 디자인대공지
패디과 공지가 뭘까, 디자인대공지
하냥아 패디과 공지뭐야, 디자인대공지
패디과공지가 궁금해, 디자인대공지
패디, 디자인대공지
패디 공지, 디자인대공지
하냥아 패디 공지 알려줘, 디자인대공지
하냥아 패디 공지 알려줄래, 디자인대공지
패디 공지가 알고싶어, 디자인대공지
패디 공지알려줘, 디자인대공지
패디 공지보여줘, 디자인대공지
패디 공지좀 알려주세요, 디자인대공지
패디 공지가 뭐야, 디자인대공지
패디공지뭐야, 디자인대공지
패디공지 뭐야, 디자인대공지
패디 공지가 어떻게 돼, 디자인대공지
패디 공지는 어떻게 되니, 디자인대공지
패디 공지가 뭘까, 디자인대공지
하냥아 패디 공지뭐야, 디자인대공지
패디공지가 궁금해, 디자인대공지
커뮤니케이션디자인학과, 디자인대공지
커뮤니케이션디자인학과 공지, 디자인대공지
하냥아 커뮤니케이션디자인학과 공지 알려줘, 디자인대공지
하냥아 커뮤니케이션디자인학과 공지 알려줄래, 디자인대공지
커뮤니케이션디자인학과 공지가 알고싶어, 디자인대공지
커뮤니케이션디자인학과 공지알려줘, 디자인대공지
커뮤니케이션디자인학과 공지보여줘, 디자인대공지
커뮤니케이션디자인학과 공지좀 알려주세요, 디자인대공지
커뮤니케이션디자인학과 공지가 뭐야, 디자인대공지
커뮤니케이션디자인학과공지뭐야, 디자인대공지
커뮤니케이션디자인학과공지 뭐야, 디자인대공지
커뮤니케이션디자인학과 공지가 어떻게 돼, 디자인대공지
커뮤니케이션디자인학과 공지는 어떻게 되니, 디자인대공지
커뮤니케이션디자인학과 공지가 뭘까, 디자인대공지
하냥아 커뮤니케이션디자인학과 공지뭐야, 디자인대공지
커뮤니케이션디자인학과공지가 궁금해, 디자인대공지
커뮤니케이션디자인 공지, 디자인대공지
하냥아 커뮤니케이션디자인 공지 알려줘, 디자인대공지
하냥아 커뮤니케이션디자인 공지 알려줄래, 디자인대공지
커뮤니케이션디자인 공지가 알고싶어, 디자인대공지
커뮤니케이션디자인 공지알려줘, 디자인대공지
커뮤니케이션디자인 공지보여줘, 디자인대공지
커뮤니케이션디자인 공지좀 알려주세요, 디자인대공지
커뮤니케이션디자인 공지가 뭐야, 디자인대공지
커뮤니케이션디자인공지뭐야, 디자인대공지
커뮤니케이션디자인공지 뭐야, 디자인대공지
커뮤니케이션디자인 공지가 어떻게 돼, 디자인대공지
커뮤니케이션디자인 공지는 어떻게 되니, 디자인대공지
커뮤니케이션디자인 공지가 뭘까, 디자인대공지
하냥아 커뮤니케이션디자인 공지뭐야, 디자인대공지
커뮤니케이션디자인공지가 궁금해, 디자인대공지
커디학과, 디자인대공지
커디학과 공지, 디자인대공지
하냥아 커디학과 공지 알려줘, 디자인대공지
하냥아 커디학과 공지 알려줄래, 디자인대공지
커디학과 공지가 알고싶어, 디자인대공지
커디학과 공지알려줘, 디자인대공지
커디학과 공지보여줘, 디자인대공지
커디학과 공지좀 알려주세요, 디자인대공지
커디학과 공지가 뭐야, 디자인대공지
커디학과공지뭐야, 디자인대공지
커디학과공지 뭐야, 디자인대공지
커디학과 공지가 어떻게 돼, 디자인대공지
커디학과 공지는 어떻게 되니, 디자인대공지
커디학과 공지가 뭘까, 디자인대공지
하냥아 커디학과 공지뭐야, 디자인대공지
커디학과공지가 궁금해, 디자인대공지
커디과, 디자인대공지
커디 공지, 디자인대공지
하냥아 커디 공지 알려줘, 디자인대공지
하냥아 커디 공지 알려줄래, 디자인대공지
커디 공지가 알고싶어, 디자인대공지
커디 공지알려줘, 디자인대공지
커디 공지보여줘, 디자인대공지
커디 공지좀 알려주세요, 디자인대공지
커디 공지가 뭐야, 디자인대공지
커디공지뭐야, 디자인대공지
커디공지 뭐야, 디자인대공지
커디 공지가 어떻게 돼, 디자인대공지
커디 공지는 어떻게 되니, 디자인대공지
커디 공지가 뭘까, 디자인대공지
하냥아 커디 공지뭐야, 디자인대공지
커디공지가 궁금해, 디자인대공지
커디 공지 알려줘, 디자인대공지
테크노프로덕트디자인학과, 디자인대공지
테크노프로덕트디자인학과 공지, 디자인대공지
하냥아 테크노프로덕트디자인학과 공지 알려줘, 디자인대공지
하냥아 테크노프로덕트디자인학과 공지 알려줄래, 디자인대공지
테크노프로덕트디자인학과 공지가 알고싶어, 디자인대공지
테크노프로덕트디자인학과 공지알려줘, 디자인대공지
테크노프로덕트디자인학과 공지보여줘, 디자인대공지
테크노프로덕트디자인학과 공지좀 알려주세요, 디자인대공지
테크노프로덕트디자인학과 공지가 뭐야, 디자인대공지
테크노프로덕트디자인학과공지뭐야, 디자인대공지
테크노프로덕트디자인학과공지 뭐야, 디자인대공지
테크노프로덕트디자인학과 공지가 어떻게 돼, 디자인대공지
테크노프로덕트디자인학과 공지는 어떻게 되니, 디자인대공지
테크노프로덕트디자인학과 공지가 뭘까, 디자인대공지
하냥아 테크노프로덕트디자인학과 공지뭐야, 디자인대공지
테크노프로덕트디자인학과공지가 궁금해, 디자인대공지
테크노프로덕트디자인학, 디자인대공지
테크노프로덕트디자인, 디자인대공지
테크노프로덕트디자인 공지, 디자인대공지
하냥아 테크노프로덕트디자인 공지 알려줘, 디자인대공지
하냥아 테크노프로덕트디자인 공지 알려줄래, 디자인대공지
테크노프로덕트디자인 공지가 알고싶어, 디자인대공지
테크노프로덕트디자인 공지알려줘, 디자인대공지
테크노프로덕트디자인 공지보여줘, 디자인대공지
테크노프로덕트디자인 공지좀 알려주세요, 디자인대공지
테크노프로덕트디자인 공지가 뭐야, 디자인대공지
테크노프로덕트디자인공지뭐야, 디자인대공지
테크노프로덕트디자인공지 뭐야, 디자인대공지
테크노프로덕트디자인 공지가 어떻게 돼, 디자인대공지
테크노프로덕트디자인 공지는 어떻게 되니, 디자인대공지
테크노프로덕트디자인 공지가 뭘까, 디자인대공지
하냥아 테크노프로덕트디자인 공지뭐야, 디자인대공지
테크노프로덕트디자인공지가 궁금해, 디자인대공지
테디학과, 디자인대공지
테디학과 공지, 디자인대공지
하냥아 테디학과 공지 알려줘, 디자인대공지
하냥아 테디학과 공지 알려줄래, 디자인대공지
테디학과 공지가 알고싶어, 디자인대공지
테디학과 공지알려줘, 디자인대공지
테디학과 공지보여줘, 디자인대공지
테디학과 공지좀 알려주세요, 디자인대공지
테디학과 공지가 뭐야, 디자인대공지
테디학과공지뭐야, 디자인대공지
테디학과공지 뭐야, 디자인대공지
테디학과 공지가 어떻게 돼, 디자인대공지
테디학과 공지는 어떻게 되니, 디자인대공지
테디학과 공지가 뭘까, 디자인대공지
하냥아 테디학과 공지뭐야, 디자인대공지
테디학과공지가 궁금해, 디자인대공지
테디과, 디자인대공지
테디과 공지, 디자인대공지
하냥아 테디과 공지 알려줘, 디자인대공지
하냥아 테디과 공지 알려줄래, 디자인대공지
테디과 공지가 알고싶어, 디자인대공지
테디과 공지알려줘, 디자인대공지
테디과 공지보여줘, 디자인대공지
테디과 공지좀 알려주세요, 디자인대공지
테디과 공지가 뭐야, 디자인대공지
테디과공지뭐야, 디자인대공지
테디과공지 뭐야, 디자인대공지
테디과 공지가 어떻게 돼, 디자인대공지
테디과 공지는 어떻게 되니, 디자인대공지
테디과 공지가 뭘까, 디자인대공지
하냥아 테디과 공지뭐야, 디자인대공지
테디과공지가 궁금해, 디자인대공지
테디 공지, 디자인대공지
테디 공지알려줘, 디자인대공지
언론정보대학, 언정대공지
언론정보대학 공지, 언정대공지
하냥아 언론정보대학 공지 알려줘, 언정대공지
하냥아 언론정보대학 공지 알려줄래, 언정대공지
언론정보대학 공지가 알고싶어, 언정대공지
언론정보대학 공지알려줘, 언정대공지
언론정보대학 공지보여줘, 언정대공지
언론정보대학 공지좀 알려주세요, 언정대공지
언론정보대학 공지가 뭐야, 언정대공지
언론정보대학공지뭐야, 언정대공지
언론정보대학공지 뭐야, 언정대공지
언론정보대학 공지가 어떻게 돼, 언정대공지
언론정보대학 공지는 어떻게 되니, 언정대공지
언론정보대학 공지가 뭘까, 언정대공지
하냥아 언론정보대학 공지뭐야, 언정대공지
언론정보대학공지가 궁금해, 언정대공지
언론정보대, 언정대공지
언론정보대 공지, 언정대공지
하냥아 언론정보대 공지 알려줘, 언정대공지
하냥아 언론정보대 공지 알려줄래, 언정대공지
언론정보대 공지가 알고싶어, 언정대공지
언론정보대 공지알려줘, 언정대공지
언론정보대 공지보여줘, 언정대공지
언론정보대 공지좀 알려주세요, 언정대공지
언론정보대 공지가 뭐야, 언정대공지
언론정보대공지뭐야, 언정대공지
언론정보대공지 뭐야, 언정대공지
언론정보대 공지가 어떻게 돼, 언정대공지
언론정보대 공지는 어떻게 되니, 언정대공지
언론정보대 공지가 뭘까, 언정대공지
하냥아 언론정보대 공지뭐야, 언정대공지
언론정보대공지가 궁금해, 언정대공지
언정대, 언정대공지
언정대 공지, 언정대공지
하냥아 언정대 공지 알려줘, 언정대공지
하냥아 언정대 공지 알려줄래, 언정대공지
언정대 공지가 알고싶어, 언정대공지
언정대 공지알려줘, 언정대공지
언정대 공지보여줘, 언정대공지
언정대 공지좀 알려주세요, 언정대공지
언정대 공지가 뭐야, 언정대공지
언정대공지뭐야, 언정대공지
언정대공지 뭐야, 언정대공지
언정대 공지가 어떻게 돼, 언정대공지
언정대 공지는 어떻게 되니, 언정대공지
언정대 공지가 뭘까, 언정대공지
하냥아 언정대 공지뭐야, 언정대공지
언정대공지가 궁금해, 언정대공지
언정, 언정대공지
언정 공지, 언정대공지
하냥아 언정 공지 알려줘, 언정대공지
하냥아 언정 공지 알려줄래, 언정대공지
언정 공지가 알고싶어, 언정대공지
언정 공지알려줘, 언정대공지
언정 공지보여줘, 언정대공지
언정 공지좀 알려주세요, 언정대공지
언정 공지가 뭐야, 언정대공지
언정공지뭐야, 언정대공지
언정공지 뭐야, 언정대공지
언정 공지가 어떻게 돼, 언정대공지
언정 공지는 어떻게 되니, 언정대공지
언정 공지가 뭘까, 언정대공지
하냥아 언정 공지뭐야, 언정대공지
언정공지가 궁금해, 언정대공지
광고홍보학과, 언정대공지
광고홍보학과 공지, 언정대공지
하냥아 광고홍보학과 공지 알려줘, 언정대공지
하냥아 광고홍보학과 공지 알려줄래, 언정대공지
광고홍보학과 공지가 알고싶어, 언정대공지
광고홍보학과 공지알려줘, 언정대공지
광고홍보학과 공지보여줘, 언정대공지
광고홍보학과 공지좀 알려주세요, 언정대공지
광고홍보학과 공지가 뭐야, 언정대공지
광고홍보학과공지뭐야, 언정대공지
광고홍보학과공지 뭐야, 언정대공지
광고홍보학과 공지가 어떻게 돼, 언정대공지
광고홍보학과 공지는 어떻게 되니, 언정대공지
광고홍보학과 공지가 뭘까, 언정대공지
하냥아 광고홍보학과 공지뭐야, 언정대공지
광고홍보학과공지가 궁금해, 언정대공지
광고홍보, 언정대공지
광고홍보 공지, 언정대공지
하냥아 광고홍보 공지 알려줘, 언정대공지
하냥아 광고홍보 공지 알려줄래, 언정대공지
광고홍보 공지가 알고싶어, 언정대공지
광고홍보 공지알려줘, 언정대공지
광고홍보 공지보여줘, 언정대공지
광고홍보 공지좀 알려주세요, 언정대공지
광고홍보 공지가 뭐야, 언정대공지
광고홍보공지뭐야, 언정대공지
광고홍보공지 뭐야, 언정대공지
광고홍보 공지가 어떻게 돼, 언정대공지
광고홍보 공지는 어떻게 되니, 언정대공지
광고홍보 공지가 뭘까, 언정대공지
하냥아 광고홍보 공지뭐야, 언정대공지
광고홍보공지가 궁금해, 언정대공지
언정대 광홍, 언정대공지
언정대 광홍 공지, 언정대공지
하냥아 언정대 광홍 공지 알려줘, 언정대공지
하냥아 언정대 광홍 공지 알려줄래, 언정대공지
언정대 광홍 공지가 알고싶어, 언정대공지
언정대 광홍 공지알려줘, 언정대공지
언정대 광홍 공지보여줘, 언정대공지
언정대 광홍 공지좀 알려주세요, 언정대공지
언정대 광홍 공지가 뭐야, 언정대공지
언정대 광홍공지뭐야, 언정대공지
언정대 광홍공지 뭐야, 언정대공지
언정대 광홍 공지가 어떻게 돼, 언정대공지
언정대 광홍 공지는 어떻게 되니, 언정대공지
언정대 광홍 공지가 뭘까, 언정대공지
하냥아 언정대 광홍 공지뭐야, 언정대공지
언정대 광홍공지가 궁금해, 언정대공지
광홍학과, 언정대공지
광홍학과 공지, 언정대공지
하냥아 광홍학과 공지 알려줘, 언정대공지
하냥아 광홍학과 공지 알려줄래, 언정대공지
광홍학과 공지가 알고싶어, 언정대공지
광홍학과 공지알려줘, 언정대공지
광홍학과 공지보여줘, 언정대공지
광홍학과 공지좀 알려주세요, 언정대공지
광홍학과 공지가 뭐야, 언정대공지
광홍학과공지뭐야, 언정대공지
광홍학과공지 뭐야, 언정대공지
광홍학과 공지가 어떻게 돼, 언정대공지
광홍학과 공지는 어떻게 되니, 언정대공지
광홍학과 공지가 뭘까, 언정대공지
하냥아 광홍학과 공지뭐야, 언정대공지
광홍학과공지가 궁금해, 언정대공지
광홍과, 언정대공지
광홍과 공지, 언정대공지
하냥아 광홍과 공지 알려줘, 언정대공지
하냥아 광홍과 공지 알려줄래, 언정대공지
광홍과 공지가 알고싶어, 언정대공지
광홍과 공지알려줘, 언정대공지
광홍과 공지보여줘, 언정대공지
광홍과 공지좀 알려주세요, 언정대공지
광홍과 공지가 뭐야, 언정대공지
광홍과공지뭐야, 언정대공지
광홍과공지 뭐야, 언정대공지
광홍과 공지가 어떻게 돼, 언정대공지
광홍과 공지는 어떻게 되니, 언정대공지
광홍과 공지가 뭘까, 언정대공지
하냥아 광홍과 공지뭐야, 언정대공지
광홍과공지가 궁금해, 언정대공지
광홍, 언정대공지
광홍 공지, 언정대공지
하냥아 광홍 공지 알려줘, 언정대공지
하냥아 광홍 공지 알려줄래, 언정대공지
광홍 공지가 알고싶어, 언정대공지
광홍 공지알려줘, 언정대공지
광홍 공지보여줘, 언정대공지
광홍 공지좀 알려주세요, 언정대공지
광홍 공지가 뭐야, 언정대공지
광홍공지뭐야, 언정대공지
광홍공지 뭐야, 언정대공지
광홍 공지가 어떻게 돼, 언정대공지
광홍 공지는 어떻게 되니, 언정대공지
광홍 공지가 뭘까, 언정대공지
하냥아 광홍 공지뭐야, 언정대공지
광홍공지가 궁금해, 언정대공지
신문방송학과, 언정대공지
신문방송학과 공지, 언정대공지
하냥아 신문방송학과 공지 알려줘, 언정대공지
하냥아 신문방송학과 공지 알려줄래, 언정대공지
신문방송학과 공지가 알고싶어, 언정대공지
신문방송학과 공지알려줘, 언정대공지
신문방송학과 공지보여줘, 언정대공지
신문방송학과 공지좀 알려주세요, 언정대공지
신문방송학과 공지가 뭐야, 언정대공지
신문방송학과공지뭐야, 언정대공지
신문방송학과공지 뭐야, 언정대공지
신문방송학과 공지가 어떻게 돼, 언정대공지
신문방송학과 공지는 어떻게 되니, 언정대공지
신문방송학과 공지가 뭘까, 언정대공지
하냥아 신문방송학과 공지뭐야, 언정대공지
신문방송학과공지가 궁금해, 언정대공지
신문방송, 언정대공지
신문방송 공지, 언정대공지
하냥아 신문방송 공지 알려줘, 언정대공지
하냥아 신문방송 공지 알려줄래, 언정대공지
신문방송 공지가 알고싶어, 언정대공지
신문방송 공지알려줘, 언정대공지
신문방송 공지보여줘, 언정대공지
신문방송 공지좀 알려주세요, 언정대공지
신문방송 공지가 뭐야, 언정대공지
신문방송공지뭐야, 언정대공지
신문방송공지 뭐야, 언정대공지
신문방송 공지가 어떻게 돼, 언정대공지
신문방송 공지는 어떻게 되니, 언정대공지
신문방송 공지가 뭘까, 언정대공지
하냥아 신문방송 공지뭐야, 언정대공지
신문방송공지가 궁금해, 언정대공지
신방학과, 언정대공지
신방학과 공지, 언정대공지
하냥아 신방학과 공지 알려줘, 언정대공지
하냥아 신방학과 공지 알려줄래, 언정대공지
신방학과 공지가 알고싶어, 언정대공지
신방학과 공지알려줘, 언정대공지
신방학과 공지보여줘, 언정대공지
신방학과 공지좀 알려주세요, 언정대공지
신방학과 공지가 뭐야, 언정대공지
신방학과공지뭐야, 언정대공지
신방학과공지 뭐야, 언정대공지
신방학과 공지가 어떻게 돼, 언정대공지
신방학과 공지는 어떻게 되니, 언정대공지
신방학과 공지가 뭘까, 언정대공지
하냥아 신방학과 공지뭐야, 언정대공지
신방학과공지가 궁금해, 언정대공지
신방과, 언정대공지
신방과 공지, 언정대공지
하냥아 신방과 공지 알려줘, 언정대공지
하냥아 신방과 공지 알려줄래, 언정대공지
신방과 공지가 알고싶어, 언정대공지
신방과 공지알려줘, 언정대공지
신방과 공지보여줘, 언정대공지
신방과 공지좀 알려주세요, 언정대공지
신방과 공지가 뭐야, 언정대공지
신방과공지뭐야, 언정대공지
신방과공지 뭐야, 언정대공지
신방과 공지가 어떻게 돼, 언정대공지
신방과 공지는 어떻게 되니, 언정대공지
신방과 공지가 뭘까, 언정대공지
하냥아 신방과 공지뭐야, 언정대공지
신방과공지가 궁금해, 언정대공지
언정대 신방과, 언정대공지
언정대 신방과 공지, 언정대공지
하냥아 언정대 신방과 공지 알려줘, 언정대공지
하냥아 언정대 신방과 공지 알려줄래, 언정대공지
언정대 신방과 공지가 알고싶어, 언정대공지
언정대 신방과 공지알려줘, 언정대공지
언정대 신방과 공지보여줘, 언정대공지
언정대 신방과 공지좀 알려주세요, 언정대공지
언정대 신방과 공지가 뭐야, 언정대공지
언정대 신방과공지뭐야, 언정대공지
언정대 신방과공지 뭐야, 언정대공지
언정대 신방과 공지가 어떻게 돼, 언정대공지
언정대 신방과 공지는 어떻게 되니, 언정대공지
언정대 신방과 공지가 뭘까, 언정대공지
하냥아 언정대 신방과 공지뭐야, 언정대공지
언정대 신방과공지가 궁금해, 언정대공지
정보사회미디어학과, 언정대공지
정보사회미디어학과 공지, 언정대공지
하냥아 정보사회미디어학과 공지 알려줘, 언정대공지
하냥아 정보사회미디어학과 공지 알려줄래, 언정대공지
정보사회미디어학과 공지가 알고싶어, 언정대공지
정보사회미디어학과 공지알려줘, 언정대공지
정보사회미디어학과 공지보여줘, 언정대공지
정보사회미디어학과 공지좀 알려주세요, 언정대공지
정보사회미디어학과 공지가 뭐야, 언정대공지
정보사회미디어학과공지뭐야, 언정대공지
정보사회미디어학과공지 뭐야, 언정대공지
정보사회미디어학과 공지가 어떻게 돼, 언정대공지
정보사회미디어학과 공지는 어떻게 되니, 언정대공지
정보사회미디어학과 공지가 뭘까, 언정대공지
하냥아 정보사회미디어학과 공지뭐야, 언정대공지
정보사회미디어학과공지가 궁금해, 언정대공지
정보사회미디어, 언정대공지
정보사회미디어 공지, 언정대공지
하냥아 정보사회미디어 공지 알려줘, 언정대공지
하냥아 정보사회미디어 공지 알려줄래, 언정대공지
정보사회미디어 공지가 알고싶어, 언정대공지
정보사회미디어 공지알려줘, 언정대공지
정보사회미디어 공지보여줘, 언정대공지
정보사회미디어 공지좀 알려주세요, 언정대공지
정보사회미디어 공지가 뭐야, 언정대공지
정보사회미디어공지뭐야, 언정대공지
정보사회미디어공지 뭐야, 언정대공지
정보사회미디어 공지가 어떻게 돼, 언정대공지
정보사회미디어 공지는 어떻게 되니, 언정대공지
정보사회미디어 공지가 뭘까, 언정대공지
하냥아 정보사회미디어 공지뭐야, 언정대공지
정보사회미디어공지가 궁금해, 언정대공지
정사미과, 언정대공지
정사미과 공지, 언정대공지
하냥아 정사미과 공지 알려줘, 언정대공지
하냥아 정사미과 공지 알려줄래, 언정대공지
정사미과 공지가 알고싶어, 언정대공지
정사미과 공지알려줘, 언정대공지
정사미과 공지보여줘, 언정대공지
정사미과 공지좀 알려주세요, 언정대공지
정사미과 공지가 뭐야, 언정대공지
정사미과공지뭐야, 언정대공지
정사미과공지 뭐야, 언정대공지
정사미과 공지가 어떻게 돼, 언정대공지
정사미과 공지는 어떻게 되니, 언정대공지
정사미과 공지가 뭘까, 언정대공지
하냥아 정사미과 공지뭐야, 언정대공지
정사미과공지가 궁금해, 언정대공지
언정대 정사미, 언정대공지
언정대 정사미 공지, 언정대공지
하냥아 언정대 정사미 공지 알려줘, 언정대공지
하냥아 언정대 정사미 공지 알려줄래, 언정대공지
언정대 정사미 공지가 알고싶어, 언정대공지
언정대 정사미 공지알려줘, 언정대공지
언정대 정사미 공지보여줘, 언정대공지
언정대 정사미 공지좀 알려주세요, 언정대공지
언정대 정사미 공지가 뭐야, 언정대공지
언정대 정사미공지뭐야, 언정대공지
언정대 정사미공지 뭐야, 언정대공지
언정대 정사미 공지가 어떻게 돼, 언정대공지
언정대 정사미 공지는 어떻게 되니, 언정대공지
언정대 정사미 공지가 뭘까, 언정대공지
하냥아 언정대 정사미 공지뭐야, 언정대공지
언정대 정사미공지가 궁금해, 언정대공지
정사미, 언정대공지
정사미 공지, 언정대공지
하냥아 정사미 공지 알려줘, 언정대공지
하냥아 정사미 공지 알려줄래, 언정대공지
정사미 공지가 알고싶어, 언정대공지
정사미 공지알려줘, 언정대공지
정사미 공지보여줘, 언정대공지
정사미 공지좀 알려주세요, 언정대공지
정사미 공지가 뭐야, 언정대공지
정사미 공지가 어떻게 돼, 언정대공지
정사미 공지는 어떻게 되니, 언정대공지
정사미 공지가 뭘까, 언정대공지
하냥아 정사미 공지뭐야, 언정대공지
